jurisdiction_name,text_election_code,date_election,text_name,text_address1,text_address2,text_address3,text_city,cde_state,text_zip5,text_zip4
Arkansas,GE2020,11/3/2020 00:00:00,Courthouse Annex-Stuttgart,312 S. College,,,Stuttgart,AR,72160,
Arkansas,GE2020,11/3/2020 00:00:00,Courthouse-Dewitt,101 Court Square,,,Dewitt,AR,72042,
Arkansas,GE2020,11/3/2020 00:00:00,Dewitt Community Center,# 1 Ron Fowler Rd,,,Dewitt,AR,72042,
Arkansas,GE2020,11/3/2020 00:00:00,Grand Prairie Center,2709 Hwy 165 South,,,Stuttgart,AR,72160,
Ashley,GE2020,11/3/2020 00:00:00,First Baptist MMC Building,FBC MMC Bldg,703 Pine Street,,Crossett,AR,71635,
Ashley,GE2020,11/3/2020 00:00:00,First United Methodist Church (HW321),202 South Main Street,,,Hamburg,AR,71646,
Ashley,GE2020,11/3/2020 00:00:00,Ftn Hill Methodist Church,100 Mulberry,,,Fountain Hill,AR,71642,
Ashley,GE2020,11/3/2020 00:00:00,Jarvis Chapel Baptist Church,1018 Ashley Road 14 N,,,Crossett,AR,71635,
Ashley,GE2020,11/3/2020 00:00:00,Montrose Senior Center,1380 Hwy 165 N,,,Montrose,AR,71658,
Ashley,GE2020,11/3/2020 00:00:00,Mt Olive Baptist Church,1533 Hwy 52 West,,,Crossett,AR,71635,
Ashley,GE2020,11/3/2020 00:00:00,Parkdale City Hall,PO Box 145,106 South Main,,Parkdale,AR,71661,
Ashley,GE2020,11/3/2020 00:00:00,Portland Community Center,102 Ash,,,Portland,AR,71663,
Ashley,GE2020,11/3/2020 00:00:00,South Main Baptist Church (Hickory Grove),2801 S Main,PO Box 430,,Crossett,AR,71635,
Ashley,GE2020,11/3/2020 00:00:00,Trinity Freewill Baptist,803 Ashley 95,,,Hamburg,AR,71646,
Ashley,GE2020,11/3/2020 00:00:00,Wilmot Community Ctr Aka Wilmot Elem School,204 Cone St,,,Wilmot,AR,71676,
Baxter,GE2020,11/3/2020 00:00:00,Baxter Co. Election Commission HQ,213  E 5th St,,,Mtn Home,AR,72653,
Baxter,GE2020,11/3/2020 00:00:00,Baxter County Training Center,"170 Dillard Drive, Industrial Park",,,Midway,AR,72651,
Baxter,GE2020,11/3/2020 00:00:00,Big Flat City Hall,Hwy 14,,,Big Flat,AR,72617,
Baxter,GE2020,11/3/2020 00:00:00,East Side Baptist Church,718 E. 9th Street,,,Mountain Home,AR,72653,
Baxter,GE2020,11/3/2020 00:00:00,First United Methodist Church,605 West 6th Street,,,Mtn Home,AR,72653,
Baxter,GE2020,11/3/2020 00:00:00,Henderson Fire Station,12487 Hwy 62 E,,,Henderson,AR,72544,
Baxter,GE2020,11/3/2020 00:00:00,Lakeview Civic Center,14 Skyles Lane,,,Lakeview,AR,72642,
Baxter,GE2020,11/3/2020 00:00:00,Lone Rock Baptist Church,6726 Push Mountain Rd.,,,Norfork,AR,72658,
Baxter,GE2020,11/3/2020 00:00:00,Norfork First Baptist Church,36 2nd Street,,,Norfork,AR,72658,
Baxter,GE2020,11/3/2020 00:00:00,Northeast Lakeside Fire Station,5520  Hwy 62 East,,,Mtn Home,AR,72653,
Baxter,GE2020,11/3/2020 00:00:00,Salesville City Hall,46 Gillespie St,,,Salesville,AR,72653,
Baxter,GE2020,11/3/2020 00:00:00,Twin Lakes Plaza,769 Hwy 62,,,Mtn Home,AR,72653,
Baxter,GE2020,11/3/2020 00:00:00,Wesley United Methodist Church,179 Memory Lane,,,Cotter,AR,72626,
Benton,GE2020,11/3/2020 00:00:00,VC-10 First Landmark Baptist Church,206 SE 28th St,,,Bentonville,AR,72712,
Benton,GE2020,11/3/2020 00:00:00,VC-11 NWACC - Shewmaker Cener,1000 SW Eagles Way,,,Bentonville,AR,72712,
Benton,GE2020,11/3/2020 00:00:00,VC-12 Lake View Baptist,1351 E Lowell Ave.,,,Cave Springs,AR,72718,
Benton,GE2020,11/3/2020 00:00:00,VC-13 Reach Church,900 W Centerton Blvd.,,,Centerton,AR,72719,
Benton,GE2020,11/3/2020 00:00:00,"VC-14 Decatur Municipal Building, Annex",363 E. Jo Avenue,,,Decatur,AR,72722,
Benton,GE2020,11/3/2020 00:00:00,VC-15 NEBCO Community Building,17823 Marshall St.,,,Garfield,AR,72732,
Benton,GE2020,11/3/2020 00:00:00,VC-16 First Baptist Church of Gentry,232 W Main St.,,,Gentry,AR,72734,
Benton,GE2020,11/3/2020 00:00:00,VC-17 Gravette Civic Center,604 First Ave. SE,,,Gravette,AR,72736,
Benton,GE2020,11/3/2020 00:00:00,VC-18 Beautiful Savior Lutheran Church,14070 State Hwy. 279,,,Hiwasse,AR,72739,
Benton,GE2020,11/3/2020 00:00:00,VC-19 Grace Lutheran Church,415 N 6th Pl.,,,Lowell,AR,72745,
Benton,GE2020,11/3/2020 00:00:00,VC-2 New Life Christian Church,103 Riordan Rd,,,Bella Vista,AR,72715,
Benton,GE2020,11/3/2020 00:00:00,VC-20 Lowell First Baptist Church,209 A Washington St.,,,Lowell,AR,72745,
Benton,GE2020,11/3/2020 00:00:00,VC-21 Moose Lodge #877,215 W Appleblossom,,,Lowell,AR,72745,
Benton,GE2020,11/3/2020 00:00:00,"VC-22 1st Baptist Church of Pea Ridge, Family Life",1650 Slack St.,,,Pea Ridge,AR,72751,
Benton,GE2020,11/3/2020 00:00:00,VC-23 Central United Methodist Church,2535 W New Hope Rd.,,,Rogers,AR,72758,
Benton,GE2020,11/3/2020 00:00:00,VC-24 Centro Cristiano Assemblies of God Church,2121 S 1st St.,,,Rogers,AR,72758,
Benton,GE2020,11/3/2020 00:00:00,VC-25 Center for Non-Profits,1200 W. Walnut,,,Rogers,AR,72756,
Benton,GE2020,11/3/2020 00:00:00,VC-26 Discover Church,4055 N 2nd St.,,,Rogers,AR,72756,
Benton,GE2020,11/3/2020 00:00:00,VC-29 Southside Church of Christ,919 S Dixieland Rd.,,,Rogers,AR,72758,
Benton,GE2020,11/3/2020 00:00:00,VC-3 Highlands United Methodist Church,371 Glasgow Rd.,,,Bella Vista,AR,72715,
Benton,GE2020,11/3/2020 00:00:00,VC-30 Bland Chapel (Rocky Branch),8530 Twin Cove Rd.,,,Rogers,AR,72756,
Benton,GE2020,11/3/2020 00:00:00,VC-31 Colonial Baptist Church,1599 W Olive St.,,,Rogers,AR,72756,
Benton,GE2020,11/3/2020 00:00:00,VC-32 First Christian Church of Siloam Springs,1405 W Jefferson St,,,Siloam Spgs,AR,72761,
Benton,GE2020,11/3/2020 00:00:00,VC-33 St. Mary's Catholic Church,1998 US 412,,,Siloam Spgs,AR,72761,
Benton,GE2020,11/3/2020 00:00:00,VC-34 Logan Community Building,15003 Logan Rd,,,Siloam Spgs,AR,72761,
Benton,GE2020,11/3/2020 00:00:00,VC-35 Siloam Springs Community Bldg,110 N. Mt. Olive St.,,,Siloam Spgs,AR,72761,
Benton,GE2020,11/3/2020 00:00:00,VC-36 Highfill Baptist Church,11912 S Main Street,,,Siloam Spgs,AR,72761,
Benton,GE2020,11/3/2020 00:00:00,VC-37 Sunnyside Baptist Church,210 E Locust Street,,,Rogers,AR,72756,
Benton,GE2020,11/3/2020 00:00:00,"VC-4 St. Bernard's Catholic Church, Parish Hall",1 St. Bernard Ln.,,,Bella Vista,AR,72715,
Benton,GE2020,11/3/2020 00:00:00,VC-5 Bella Vista Church of Christ,989 NW McNelly Rd.,,,Bentonville,AR,72712,
Benton,GE2020,11/3/2020 00:00:00,VC-6 Benton County Fairgrounds,7640 SW Regional Airport Blvd,,,Bentonville,AR,72712,
Benton,GE2020,11/3/2020 00:00:00,"VC-7 Bentonville Church of Christ, Activity Center",708 N Walton Blvd.,,,Bentonville,AR,72712,
Benton,GE2020,11/3/2020 00:00:00,VC-8 Bentonville First Presbyterian Church,901 NE J St,,,Bentonville,AR,72712,
Benton,GE2020,11/3/2020 00:00:00,VC-9 C7 Church,2003 SW Regional Airport Blvd.,Ste 1,,Bentonville,AR,72713,
Boone,GE2020,11/3/2020 00:00:00,Vc 1- Alpena Community Center,Alpena Community Center 107 Hwy 62 E.,,,Alpena,AR,72611,
Boone,GE2020,11/3/2020 00:00:00,Vc 10 - Lead Hill 1st Baptist Church,146 E Hwy 14 E.,,,Lead Hill,AR,72644,
Boone,GE2020,11/3/2020 00:00:00,Vc 11 - Omaha City Hall,23713 Old Hwy 65 North,,,Omaha,AR,72662,
Boone,GE2020,11/3/2020 00:00:00,Vc 12- Valley Springs City Hall,8141 Elm Road,,,Valley Springs,AR,72682,
Boone,GE2020,11/3/2020 00:00:00,Vc 13 - Boone Co. Election Center Early Vote,414 W. Central,,,Harrison,AR,72601,
Boone,GE2020,11/3/2020 00:00:00,Vc 14 - Boone County Election Center E. D.,"414 W. Central, Suite B",,,Harrison,AR,72601,
Boone,GE2020,11/3/2020 00:00:00,Vc 2- Bellefonte City Hall,3221 Hwy 65 South,,,Harrison,AR,72601,
Boone,GE2020,11/3/2020 00:00:00,Vc 3 - Burlington Baptist Church,15620 Denver Road,,,Omaha,AR,72662,
Boone,GE2020,11/3/2020 00:00:00,Vc 4 - Capps Trinity Baptist,5580 Hwy 392,,,Harrison,AR,72601,
Boone,GE2020,11/3/2020 00:00:00,Vc 5 - Cottonwood Fire Department,5386 Cottonwood Road,,,Harrison,AR,72601,
Boone,GE2020,11/3/2020 00:00:00,Vc 6 - Woodland Heights Baptist Church,1001 Gipson Rd.,,,Harrison,AR,72601,
Boone,GE2020,11/3/2020 00:00:00,Vc 7 -hilltop Fire Station,10911 Hwy 43 S,,,Harrison,AR,72601,
Boone,GE2020,11/3/2020 00:00:00,Vc 8 - Bergman City Hall,272 Main Street East,,,Bergman,AR,72615,
Boone,GE2020,11/3/2020 00:00:00,Vc 9 - Diamond City City Hall,232 West Grand Ave.,,,Diamond City,AR,72644,
Bradley,GE2020,11/3/2020 00:00:00,Banks Community Room,,,,,AR,,
Bradley,GE2020,11/3/2020 00:00:00,Eagle Lake Baptist Church,,,,,AR,,
Bradley,GE2020,11/3/2020 00:00:00,Hermitage Community Center,,,,,AR,,
Bradley,GE2020,11/3/2020 00:00:00,Saline Baptist Church,,,,,AR,,
Bradley,GE2020,11/3/2020 00:00:00,Warren Housing Authority,1 Kings Square West,,,Warren,AR,71671,
Bradley,GE2020,11/3/2020 00:00:00,Warren Ymca,,,,,AR,,
Calhoun,GE2020,11/3/2020 00:00:00,Calhoun County Fair Building,305 Elm St,,,Hampton,AR,71744,
Calhoun,GE2020,11/3/2020 00:00:00,Calhoun County Nutrition Center,1120 Prestress Rd,,,Hampton,AR,71744,
Calhoun,GE2020,11/3/2020 00:00:00,Chambersville Fire Dept,17168 Calhoun 72,,,Thornton,AR,71766,
Calhoun,GE2020,11/3/2020 00:00:00,Locust Bayou Fire Dept,11539 W US 278 Hwy,,,Hampton,AR,71744,
Calhoun,GE2020,11/3/2020 00:00:00,Thornton Fire Station,812 S 2nd St,,,Thornton,AR,71766,
Carroll,GE2020,11/3/2020 00:00:00,Freeman Heights Baptist Church,"522 W Freeman Ave.,",,,Berryville,AR,72616,
Carroll,GE2020,11/3/2020 00:00:00,Grace Baptist Church,"101 Tommy Ratzlaff,",,,Green Forest,AR,72638,
Carroll,GE2020,11/3/2020 00:00:00,Holiday Island Country Club,"#1 Country Club Dr.,",,,Holiday Island,AR,72631,
Carroll,GE2020,11/3/2020 00:00:00,Oak Grove Freewill Baptist Church,"74 CR 624,",,,Oak Grove,AR,72660,
Carroll,GE2020,11/3/2020 00:00:00,Osage Baptist Church,"16475 Hwy 103 S.,",,,Alpena,AR,72611,
Carroll,GE2020,11/3/2020 00:00:00,St. Elizabeth's Parish Center,"232 Passion Play Rd.,",,,Eureka Springs,AR,72632,
Chicot,GE2020,11/3/2020 00:00:00,Eudora District Court,125 S Main St,,,Eudora,AR,71640,
Chicot,GE2020,11/3/2020 00:00:00,Lakeside School Administration Bldg.,1230 S Cokley St,,,Lake Village,AR,71653,
Chicot,GE2020,11/3/2020 00:00:00,Old Armory,133 N Shepard St,,,Dermott,AR,71638,
Clark,GE2020,11/3/2020 00:00:00,Amity Municpal Building,121 E. Thompson,,,Amity,AR,71921,
Clark,GE2020,11/3/2020 00:00:00,Arkadelphia Recreation Center,2555 Twin Rivers Dr,,,Arkadelphia,AR,71923,
Clark,GE2020,11/3/2020 00:00:00,Caddo Valley City Hall,137 Malvern Rd,,,Arkadelphia,AR,,
Clark,GE2020,11/3/2020 00:00:00,Clark County Training Center,35 McClellan Blvd,,,Arkadelphia,AR,71923,
Clark,GE2020,11/3/2020 00:00:00,First Methodist Church,107 N 9th St,,,Arkadelphia,AR,,
Clark,GE2020,11/3/2020 00:00:00,Gurdon Municipal Building,103 Maple St,,,Gurdon,AR,,
Clark,GE2020,11/3/2020 00:00:00,Manchester Community Building,1216 Manchester Rd,,,Arkadelphia,AR,,
Clark,GE2020,11/3/2020 00:00:00,Okolona City Hall,307 S. Main St,,,Okolona,AR,71962,
Clark,GE2020,11/3/2020 00:00:00,St. Paul A.M.E. Church,1501 Caddo St,,,Arkadelphia,AR,71923,
Clay,GE2020,11/3/2020 00:00:00,Corning Community Center,M.B. Ainley Community Center,536 East Elm Street Hwy. 62,,Corning,AR,72422,
Clay,GE2020,11/3/2020 00:00:00,Piggott Community Center,161 East Pfeiffer,,,Piggott,AR,72454,
Clay,GE2020,11/3/2020 00:00:00,Rector Community Center,740 East 9th Street,,,Rector,AR,72461,
Cleburne,GE2020,11/3/2020 00:00:00,000-County Courthouse,301 W. Main Street,,,Heber Springs,AR,72543,
Cleburne,GE2020,11/3/2020 00:00:00,002-1 Legion Hut-City Hall,N. Cadron-Inside,#5 2nd Street,,Quitman,AR,72131,
Cleburne,GE2020,11/3/2020 00:00:00,003-1 Legion Hut-City Hall,N. Cadron-Outside,#5 2nd Street,,Quitman,AR,72131,
Cleburne,GE2020,11/3/2020 00:00:00,004-1 Legion Hut-City Hall,S. Cadron-Inside,5 Second St.,,Quitman,AR,72131,
Cleburne,GE2020,11/3/2020 00:00:00,005-1 Legion Hut-City Hall,S. Cadron-Outside,5 Second St.,,Quitman,AR,72131,
Cleburne,GE2020,11/3/2020 00:00:00,006-Prim Community Center,California Township,4149 B Prim Rd.,,Prim,AR,72130,
Cleburne,GE2020,11/3/2020 00:00:00,007-1;3 Palenstine Baptist Church-Edgemont Rd.,Center Post Township,389 Edgemont Rd.,,Quitman,AR,72131,
Cleburne,GE2020,11/3/2020 00:00:00,007-2 Palestine Baptist Church-Edgemont Rd.,Center Post Township,389 Edgemont Rd,,Quitman,AR,72131,
Cleburne,GE2020,11/3/2020 00:00:00,008-1-3 Palestine Baptist Church-Edgemont Rd.,Clayton Township,389 Edgemont Rd.,,Quitman,AR,72131,
Cleburne,GE2020,11/3/2020 00:00:00,008-2-4 Palestine Baptist Church-Edgemont Rd.,Clayton Towship,389 Edgemont Road,,Quitman,AR,72131,
Cleburne,GE2020,11/3/2020 00:00:00,010-1 Concord Community Center,Grassey-Inside,Concord Community Center,10424 Heber Springs Rd. N.,Concord,AR,72523,
Cleburne,GE2020,11/3/2020 00:00:00,"011-1,2,3 Concord Community Center",Grassey-Outside,Concord Community Center,10424 Heber Springs Rd. N.,Concord,AR,72523,
Cleburne,GE2020,11/3/2020 00:00:00,012-1 Municipal Building,Greers Ferry-Giles,8739 Edgemont Rd,,Greers Ferry,AR,72067,
Cleburne,GE2020,11/3/2020 00:00:00,013-1 Municipal Building,Giles Township,8739 Edgemont Road,,Greers Ferry,AR,72067,
Cleburne,GE2020,11/3/2020 00:00:00,013-2 Municipal Building,Giles Township,8739 Edgemont Road,,Greers Ferry,AR,72067,
Cleburne,GE2020,11/3/2020 00:00:00,015-City Hall,Heber Springs Ward I,1001 W. Main St.,,Heber Springs,AR,72543,
Cleburne,GE2020,11/3/2020 00:00:00,016- Heber Springs Community Center,Heber Springs Ward 2,201 Bobbie Jean Lane,,Heber Springs,AR,72543,
Cleburne,GE2020,11/3/2020 00:00:00,017-Heber Springs Community Center,Heber Springs Ward 3,201 Bobbie Jean Lane,,Heber Springs,AR,72543,
Cleburne,GE2020,11/3/2020 00:00:00,018.01 Church of Christ -Pine Street,Heber  Springs  Ward 4-JP 7,1314 West Pine St.,,Heber Springs,AR,72543,
Cleburne,GE2020,11/3/2020 00:00:00,018.02 Church of Christ-Pine Street,Heber Springs Ward 4-JP 8,1314 West  Pine Street,,Heber Springs,AR,72543,
Cleburne,GE2020,11/3/2020 00:00:00,018-03 Church of Christ-Pine Street,Heber Springs Ward 4-JP 09,1314 West Pine Street,,Heber Springs,AR,72543,
Cleburne,GE2020,11/3/2020 00:00:00,019-01 National Guard Armory,701 S. 7th Street,Heber Springs Outside,701 South 7th Street,Heber Springs,AR,72543,
Cleburne,GE2020,11/3/2020 00:00:00,019-02 National Guard Armory,701 S 7th St,Heber Springs Outside,701 South 7th Street,Heber Springs,AR,72543,
Cleburne,GE2020,11/3/2020 00:00:00,021-1 Peace Lutheran Church,Morgan-Outside,10849 Edgemont Road,,Edgemont,AR,72044,
Cleburne,GE2020,11/3/2020 00:00:00,022-Pine Snag Lobo Fire Dept. #4,Mountain Township,Pine Snag Lobo Fire Dept. #4,1855 Pangburn Rd.,Heber Springs,AR,72543,
Cleburne,GE2020,11/3/2020 00:00:00,024-Chastain Chapel Church,299 Old Hwy 25,,,Tumbling Shoals,AR,72581,
Cleburne,GE2020,11/3/2020 00:00:00,027-1 South Cross Roads Church,Piney- JP 05,249 Lone Star Road,,Rose Bud,AR,72137,
Cleburne,GE2020,11/3/2020 00:00:00,027-2 South Cross Roads Church,Piney- JP 11,249 Lone Star Rd.,,Rose Bud,AR,72137,
Cleburne,GE2020,11/3/2020 00:00:00,028-1 Prim Fire Station,TS: Poff,4119 Prim Rd.,,Prim,AR,72130,
Cleburne,GE2020,11/3/2020 00:00:00,029-1 Greers Ferry Municipal Building,Saline-Inside,87 Edgemont Rd.,,Greers Ferry,AR,72067,
Cleburne,GE2020,11/3/2020 00:00:00,030-1 Greers Ferry Municipal Building,Saline-Outside,8739 Edgemont Rd.,,Greers Ferry,AR,72067,
Cleburne,GE2020,11/3/2020 00:00:00,031-1 Prim Fire Station,Sugarcamp Township,4119 Prim Road,,Prim,AR,72130,
Cleburne,GE2020,11/3/2020 00:00:00,033-Church of Christ,Valley Township,1314 W. Pine Street,,Heber Springs,AR,72543,
Cleburne,GE2020,11/3/2020 00:00:00,035-1 Peace Lutheran Church,Morgan-Inside,10849 Edgemont Road,,Edgemont,AR,72044,
Cleburne,GE2020,11/3/2020 00:00:00,Bethel Chapel Church,1004 Hiram Rd.,,,Heber Springs,AR,72543,
Cleburne,GE2020,11/3/2020 00:00:00,Drasco General Baptist Church,6800 Heber Springs Road N.,,,Drasco,AR,72530,
Cleburne,GE2020,11/3/2020 00:00:00,Pleasant Ridge Baptist Church,4999 Heber Springs Rd. N.,,,Drasco,AR,72530,
Cleburne,GE2020,11/3/2020 00:00:00,Wilburn General Baptist Church,Hwy 110 East,,,Wilburn,AR,72179,
Cleveland,GE2020,11/3/2020 00:00:00,''y' Community Center,8000 Hwy 35 N,,,Rison,AR,71665,
Cleveland,GE2020,11/3/2020 00:00:00,Center Miss. Bapt. Church,12270 U S Hwy 63,,,Rison,AR,71665,
Cleveland,GE2020,11/3/2020 00:00:00,Hwy 133 VFD,290 Frye Loop,,,Rison,AR,71665,
Cleveland,GE2020,11/3/2020 00:00:00,Lee Community Center,14010 Hwy 189 S,,,New Edinburg,AR,71660,
Cleveland,GE2020,11/3/2020 00:00:00,Living Grace Church,19340 Highway 63,,,Rison,AR,71665,
Cleveland,GE2020,11/3/2020 00:00:00,Macedonia Bapt. Church Fellowship Hall,7370 Hwy 35 S.,,,Rison,AR,71665,
Cleveland,GE2020,11/3/2020 00:00:00,New Edinburg Community Center,6590 Hwy 8,,,New Edinburg,AR,71660,
Cleveland,GE2020,11/3/2020 00:00:00,New Home Miss. Bapt. Church,14060 Hwy 54,,,Pine Bluff,AR,71603,
Cleveland,GE2020,11/3/2020 00:00:00,Parent Center (1),16650 Hwy 79,,,Kingsland,AR,71652,
Cleveland,GE2020,11/3/2020 00:00:00,Parent Center (2),16650 Hwy 79,,,Kingsland,AR,71652,
Cleveland,GE2020,11/3/2020 00:00:00,Parent Center (3),16650 Hwy 79,,,Kingsland,AR,71652,
Cleveland,GE2020,11/3/2020 00:00:00,Union Methodist Church,21230 Hwy 35 S,,,Warren,AR,71671,
Cleveland,GE2020,11/3/2020 00:00:00,Veterans Bldg,404 Sycamore St.,,,Rison,AR,71665,
Cleveland,GE2020,11/3/2020 00:00:00,Veterans Bldg.,404 Sycamore St.,,,Rison,AR,71665,
Cleveland,GE2020,11/3/2020 00:00:00,Woodlawn Community Center,6270 U S Hwy 63,,,Rison,AR,71665,
Cleveland,GE2020,11/3/2020 00:00:00,Woodlawn Fire Station #2,4830 Highway 63,,,Rison,AR,71665,
Columbia,GE2020,11/3/2020 00:00:00,VC10-Waldo Fire Station - Township,Waldo Fire Station,106 East Main,,Waldo,AR,71770,
Columbia,GE2020,11/3/2020 00:00:00,Vc11 Emerson Community Center-Townshiop,Emerson Community Center,PO Box 275,202 North Elm,Emerson,AR,71740,
Columbia,GE2020,11/3/2020 00:00:00,Vc12-Emerson Community Center-City,Emerson Community Center,PO Box 275,202 North Elm,Emerson,AR,71740,
Columbia,GE2020,11/3/2020 00:00:00,Vc13-Taylor City Hall - Township,Taylor City Hall,101 West Pope,,Taylor,AR,71861,
Columbia,GE2020,11/3/2020 00:00:00,Vc14-Taylor City Hall - City,Taylor City Hall,101 West Pope,,Taylor,AR,71861,
Columbia,GE2020,11/3/2020 00:00:00,VC1-Calvary Baptist Church-Columbia North,Hwy 79 Bypass,,,Magnolia,AR,71753,
Columbia,GE2020,11/3/2020 00:00:00,VC2-American Legion-Columbia South,American Legion Post 3,PO Box 33,325 Legion Drive,Magnolia,AR,71754,
Columbia,GE2020,11/3/2020 00:00:00,VC3-American Legion-Magnolia Ward 1,American Legion Post #3,325 Legion Drive,PO Box 33,Magnolia,AR,71754,
Columbia,GE2020,11/3/2020 00:00:00,VC4-American Legion-Magnolia Ward 2,American Legion Post #3,PO Box 33,325 Legion Drive,Magnolia,AR,71754,
Columbia,GE2020,11/3/2020 00:00:00,VC5-Calvary Baptist Church Magnolia Ward 3,80 Hwy 79 N,,,Magnolia,AR,71753,
Columbia,GE2020,11/3/2020 00:00:00,VC6-Calvary Baptist Church Magnolia Ward 4,80 Hwy 79 N,,,Magnolia,AR,71753,
Columbia,GE2020,11/3/2020 00:00:00,Vc7-McNeil First Baptist Church- Township,McNeil City Hall,PO Box 130,,McNeil,AR,71752,
Columbia,GE2020,11/3/2020 00:00:00,Vc8-Mcneil First Baptist Church-Mcneil City,451 Gum St,,,McNeil,AR,71752,
Columbia,GE2020,11/3/2020 00:00:00,VC9-Waldo Fire Station - City,Waldo Fire Station,106 East Main,,Waldo,AR,71770,
Conway,GE2020,11/3/2020 00:00:00,Birdtown Fire Station,4553 Hwy 9,,,Springfield,AR,72157,
Conway,GE2020,11/3/2020 00:00:00,Blackwell Fire Station,393 Hwy 64,,,Atkins,AR,72823,
Conway,GE2020,11/3/2020 00:00:00,Center Ridge Fire Station,3574 Hwy 92,,,Center Ridge,AR,72027,
Conway,GE2020,11/3/2020 00:00:00,Cleveland Fire Station,16 Church Rd,,,Cleveland,AR,72030,
Conway,GE2020,11/3/2020 00:00:00,Hillcreek Fire Station,899 Hwy 92,,,Plumerville,AR,72127,
Conway,GE2020,11/3/2020 00:00:00,Menifee Town Center,61 N. Mustang St,,,Menifee,AR,72107,
Conway,GE2020,11/3/2020 00:00:00,"Multipurpose Building On Fairgrounds, Morrilton",Conway County Fairgrounds,,,Morrilton,AR,72110,
Conway,GE2020,11/3/2020 00:00:00,Old Hickory Fire Station (sub-Station) Jerusalem,709 Old Hickory Rd,,,Hattieville,AR,72063,
Conway,GE2020,11/3/2020 00:00:00,Oppelo City Hall,8 Municipal Drive,,,Oppelo,AR,72110,
Conway,GE2020,11/3/2020 00:00:00,Overcup Fire Station (main Station),2738 Hwy 9,,,Morrilton,AR,72110,
Conway,GE2020,11/3/2020 00:00:00,Petit Jean Baptist Church,37 Jones Lane,,,Morrilton,AR,72110,
Conway,GE2020,11/3/2020 00:00:00,Plumerville Community Building,101 W. Church St,,,Plumerville,AR,72127,
Conway,GE2020,11/3/2020 00:00:00,Springfield Fire Station,1923 Hwy 92,,,Springfield,AR,72157,
Conway,GE2020,11/3/2020 00:00:00,St. Vincent Fire Station,2059 Hwy 95,,,Hattieville,AR,72063,
Craighead,GE2020,11/3/2020 00:00:00,Allen Park Community Center,3609 Race St,,,Jonesboro,AR,72401,
Craighead,GE2020,11/3/2020 00:00:00,ASU 1st National Bank Arena,217 Olympic Dr,,Yellow  Entrance,Jonesboro,AR,72401,
Craighead,GE2020,11/3/2020 00:00:00,Bay Community Center,305 Cherry St,,,Bay,AR,72411,
Craighead,GE2020,11/3/2020 00:00:00,Bono Community Center,100 E Woodland Trails,,,Bono,AR,72416,
Craighead,GE2020,11/3/2020 00:00:00,Brookland Baptist Church,200 N Oak,,,Brookland,AR,72417,
Craighead,GE2020,11/3/2020 00:00:00,Caraway City Hall,102 E State St,,,Caraway,AR,72419,
Craighead,GE2020,11/3/2020 00:00:00,Cash City Hall/Egypt,4391 Hwy 18,,,Cash,AR,72421,
Craighead,GE2020,11/3/2020 00:00:00,Earl Bell Community Center,1212 S Church St,,,Jonesboro,AR,72401,
Craighead,GE2020,11/3/2020 00:00:00,Forest Home Church of the Nazarene,2403 Ritter Dr,,,Jonesboro,AR,72401,
Craighead,GE2020,11/3/2020 00:00:00,Lake City Courthouse/Eastern Annex,113 Cobean,,,Lake City,AR,72437,
Craighead,GE2020,11/3/2020 00:00:00,Monette Legion Hut,209 E Drew St,,,Monette,AR,72447,
Craighead,GE2020,11/3/2020 00:00:00,New Hope Baptist Church,101 S Main St,,,Black Oak,AR,72414,
Craighead,GE2020,11/3/2020 00:00:00,Parker Park Community Center,1506 N Church St,,,Jonesboro,AR,72401,
Craighead,GE2020,11/3/2020 00:00:00,Valley View Church of Christ,4500 Southwest Dr,,,Jonesboro,AR,72404,
Craighead,GE2020,11/3/2020 00:00:00,Walnut Street Baptist Church,1910 Scenic Rd,,,Jonesboro,AR,72401,
Crawford,GE2020,11/3/2020 00:00:00,Alma Community Center,114 Colum Ln E.,,,Alma,AR,72921,
Crawford,GE2020,11/3/2020 00:00:00,Amazing Grace Assembly of God,2020 Rena Rd,,,Van Buren,AR,72956,
Crawford,GE2020,11/3/2020 00:00:00,Cedarville First Baptist Church,10744 N. Hwy 59,,,Cedarville,AR,72932,
Crawford,GE2020,11/3/2020 00:00:00,City Heights United Methodist Church,1002 Fayetteville Rd,,,Van Buren,AR,72956,
Crawford,GE2020,11/3/2020 00:00:00,Crawford County Extension Office,105 W. Pointer Trl.,,,Van Buren,AR,72956,
Crawford,GE2020,11/3/2020 00:00:00,Dyer Community Center,201 Loomis Lane,,,Dyer,AR,72935,
Crawford,GE2020,11/3/2020 00:00:00,Emergency Operations Center,1820 Chestnut St.,,,Van Buren,AR,72956,
Crawford,GE2020,11/3/2020 00:00:00,Figure Five Fire Station,5920 N. Hwy 59,,,Van Buren,AR,72956,
Crawford,GE2020,11/3/2020 00:00:00,Living Word Baptist Church,1445 Clyde Cate Rd,,,Van Buren,AR,72956,
Crawford,GE2020,11/3/2020 00:00:00,Mountainburg Assembly of God Church,922 NE Hwy 71,,,Mountainburg,AR,72946,
Crawford,GE2020,11/3/2020 00:00:00,Mulberry Senior Center,406 Mulberry Hwy 64 W,"Precincts... Mulberry 1,2,3 AND Vine Prairie",,Mulberry,AR,72947,
Crawford,GE2020,11/3/2020 00:00:00,Oliver Springs Freewill Baptist Church,3144 Hwy 348,,,Rudy,AR,72952,
Crawford,GE2020,11/3/2020 00:00:00,Pleasant Valley Church of Christ,6020 Kibler Rd,,,Van Buren,AR,72956,
Crawford,GE2020,11/3/2020 00:00:00,Trinity Baptist Church,5020 N. Hwy 71,,,Alma,AR,72921,
Crittenden,GE2020,11/3/2020 00:00:00,7th Street Church of Christ,899 7th St.,,,West Memphis,AR,72301,
Crittenden,GE2020,11/3/2020 00:00:00,Anthonyville City Hall,149 Luke Anthony Ave,,,Proctor,AR,72376,
Crittenden,GE2020,11/3/2020 00:00:00,Bonds Marine,15263 Hwy 147 S,,,Hughes,AR,72348,
Crittenden,GE2020,11/3/2020 00:00:00,Calvary Baptist Church,1600 N. Avalon St.,,,West Memphis,AR,72301,
Crittenden,GE2020,11/3/2020 00:00:00,Civic Center,228 W Polk,,,West Memphis,AR,72364,
Crittenden,GE2020,11/3/2020 00:00:00,County Office Bldg.,116 Center Dr,,,Marion,AR,72364,
Crittenden,GE2020,11/3/2020 00:00:00,Crawfordsville Water Dept,112 Main St,,,Crawfordsville,AR,72327,
Crittenden,GE2020,11/3/2020 00:00:00,Earle City Hall,1004 Second Street,,,Earle,AR,72331,
Crittenden,GE2020,11/3/2020 00:00:00,Edmondson Community/Senior Center,61 Waterford St,,,Edmondson,AR,72332,
Crittenden,GE2020,11/3/2020 00:00:00,Gilmore City Hall,97 Front St,,,Gilmore,AR,72339,
Crittenden,GE2020,11/3/2020 00:00:00,Horseshoe City Hall,174 Highland Dr,,,Horseshoe Lake,AR,72327,
Crittenden,GE2020,11/3/2020 00:00:00,Jennette City Hall,274 Lucas Rd,,,Jeanette,AS,72327,
Crittenden,GE2020,11/3/2020 00:00:00,Jericho City Hall,531 Wallace Ave,,,Marion,AR,72364,
Crittenden,GE2020,11/3/2020 00:00:00,Marion Church of God,1747 Hwy 64,,,Marion,AR,72364,
Crittenden,GE2020,11/3/2020 00:00:00,Mt Olive Baptist Church,201 S. 15th St,,,West Memphis,AR,72301,
Crittenden,GE2020,11/3/2020 00:00:00,Pilgrim Rest Missionary Baptist Church,300 S. 14th St.,,,West Memphis,AR,72301,
Crittenden,GE2020,11/3/2020 00:00:00,St. Luke Missionary Baptist Church,520 Arkansas St.,,,Earle,AR,72331,
Crittenden,GE2020,11/3/2020 00:00:00,Tabenacle of God Baptist Church,1714 State Hwy 77,,,Marion,AR,72364,
Crittenden,GE2020,11/3/2020 00:00:00,W R Golden Community Center,1064 Third Street,,,Turrell,AR,72384,
Crittenden,GE2020,11/3/2020 00:00:00,West Memphis First Baptist Church,200 North Missouri St,,,West Memphis,AR,72301,
Crittenden,GE2020,11/3/2020 00:00:00,West Memphis High School,501 W. Broadway Ave.,,,West Memphis,AR,72301,
Crittenden,GE2020,11/3/2020 00:00:00,Wonder Boys Club,412 S 25th St,,,West Memphis,AR,72301,
Cross,GE2020,11/3/2020 00:00:00,Cherry Valley Food Pantry,3211 HWY 42,,,Cherry Valley,AR,72324,
Cross,GE2020,11/3/2020 00:00:00,Hickory Ridge City Hall,135 S. FRONT ST.,,,Hickory Ridge,AR,72347,
Cross,GE2020,11/3/2020 00:00:00,Holt Chapel Church of God,520 HWY 193,,,Wynne,AR,72396,
Cross,GE2020,11/3/2020 00:00:00,Parkin State Park,60 State Hwy 184,,,Parkin,AR,72373,
Cross,GE2020,11/3/2020 00:00:00,Vanndale Fire Department,2504 HWY 1,,,Vanndale,AR,72387,
Cross,GE2020,11/3/2020 00:00:00,Wynne Fire Station,1111 Falls Blvd.,,,Wynne,AR,72396,
Dallas,GE2020,11/3/2020 00:00:00,Cahage Community Center,,,,,AR,,
Dallas,GE2020,11/3/2020 00:00:00,Holly Springs Community Center,% Iva Jean Shaddock,17 dallas 148,,Sparkman,AR,71763,
Dallas,GE2020,11/3/2020 00:00:00,Sparkman Community Center,% Sparkman City Hall,ria fite,PO Box 205,Sparkman,AR,71763,
Dallas,GE2020,11/3/2020 00:00:00,Temple Baptist Church,206 graham,,,Fordyce,AR,71742,
Dallas,GE2020,11/3/2020 00:00:00,Zion Baptist Church,% David Barnes,66 Hwy 273,,Fordyce,AR,71742,
Desha,GE2020,11/3/2020 00:00:00,Arkansas City Hall,606 Sprague St,,P O Box 369,Arkansas City,AR,71630,
Desha,GE2020,11/3/2020 00:00:00,Desha County Courthouse,608 Robert Moore Avenue,,,Arkansas City,AR,71630,
Desha,GE2020,11/3/2020 00:00:00,Dumas Community Center,18 Belmont St,,,Dumas,AR,71639,
Desha,GE2020,11/3/2020 00:00:00,Holy Temple,,,,,AR,,
Desha,GE2020,11/3/2020 00:00:00,McGehee Municipal Bldg,901 Holly St,,,McGehee,AR,71654,
Desha,GE2020,11/3/2020 00:00:00,Mitchellville City Hall,216 Emily Bowens Dr,,,Mitchellville,AR,71639,
Desha,GE2020,11/3/2020 00:00:00,Reed City Hall,848 Hwy 65 N,,,Reed,AR,71670,
Desha,GE2020,11/3/2020 00:00:00,Union Chapel Baptist Church,103 Meadow Rd,,,McGehee,AR,71654,
Desha,GE2020,11/3/2020 00:00:00,Watson City Hall,500 Clayton St,,,Watson,AR,71674,
Drew,GE2020,11/3/2020 00:00:00,1st Presbyterian Church,821 N. Main,,,Monticello,AR,71655,
Drew,GE2020,11/3/2020 00:00:00,Ethel Hawkins Family Life Center ( Holmes),527  E. McCloy,,,Monticello,AR,71655,
Drew,GE2020,11/3/2020 00:00:00,First Assembly of God,915 HWY 425 North - Building #2,,,Monticello,AR,71655,
Drew,GE2020,11/3/2020 00:00:00,First United Methodist Church,317 South Main,,,Monticello,AR,71655,
Drew,GE2020,11/3/2020 00:00:00,Monticello Church of Christ,2078 HWY 425 N,,,Monticello,AR,71655,
Drew,GE2020,11/3/2020 00:00:00,Shady Grove Baptist Church,103 HWY 172,,,Monticello,AR,71655,
Drew,GE2020,11/3/2020 00:00:00,Tillar City Hall,106 East B. Street,,,Tillar,AR,71670,
Drew,GE2020,11/3/2020 00:00:00,Wilmar School,2546 HWY 278 W,,,Wilmar,AR,71675,
Faulkner,GE2020,11/3/2020 00:00:00,Agape (ACTS),1423 Ingram St,,,Conway,AR,72032,
Faulkner,GE2020,11/3/2020 00:00:00,Bethlehem Bapt Life Center/Or Any Vote Center,506 Hwy 225 W,,,Greenbrier,AR,72058,
Faulkner,GE2020,11/3/2020 00:00:00,Conway Sports Center/Or Any Vote Center,10 Lower Ridge Rd,,,"Conway, Ar  72032",AR,72032,
Faulkner,GE2020,11/3/2020 00:00:00,Copperas Springs Bapt. Ch./Or Any Vote Center,366 Hwy 25 N,,,Greenbrier,AR,72058,
Faulkner,GE2020,11/3/2020 00:00:00,Damascus City Hall/Or Any Vote Center,5 Broadway,,,Damascus,AR,72039,
Faulkner,GE2020,11/3/2020 00:00:00,Enders Community Ctr./Or Any Vote Center,1098 Hwy 36,,,Quitman,AR,72131,
Faulkner,GE2020,11/3/2020 00:00:00,Friendship Baptist Ch./Or Any Vote Center,767 Rocky Point Road,,,Conway,AR,72032,
Faulkner,GE2020,11/3/2020 00:00:00,Greenbrier City Events Ctr./Or Any Vote Center,5 Lois Lane,,,Greenbrier,AR,72058,
Faulkner,GE2020,11/3/2020 00:00:00,Hendrix College/Or Any Vote Center,1600 Washington Ave,,,Conway,AR,72032,
Faulkner,GE2020,11/3/2020 00:00:00,Holland City Hall/Or Any Vote Center,18 Lodge Drive,,,Holland,AS,72173,
Faulkner,GE2020,11/3/2020 00:00:00,Mayflower City Hall/Or Any Vote Center,2 Ashmore Dr.,,,Mayflower,AR,72106,
Faulkner,GE2020,11/3/2020 00:00:00,McGee Sports Center/Or Any Vote Center,3800 College Ave.,,,Conway,AR,72034,
Faulkner,GE2020,11/3/2020 00:00:00,Mt Gale Baptist Church/or Any Vote Center,8 Brannon Dr.,,,Mayflower,AR,72106,
Faulkner,GE2020,11/3/2020 00:00:00,Mt Vernon Baptist Ch/Or Any Vote Center,6 Garland Springs Rd,,,Mt Vernon,AR,72111,
Faulkner,GE2020,11/3/2020 00:00:00,Naylor United Methodist/Or Any Vote Center,850 Hwy 36,,,Vilonia,AR,72173,
Faulkner,GE2020,11/3/2020 00:00:00,Pickles Gap Baptist Ch./Or Any Vote Center,2 Pickles Gap Rd.,,,Conway,AR,72032,
Faulkner,GE2020,11/3/2020 00:00:00,Springhill Baptist Church/Or Any Vote Center,25 State Hwy 287,,,Greenbrier,AR,72058,
Faulkner,GE2020,11/3/2020 00:00:00,True Holiness FLC/Or Any Vote Center,198 East Hwy 286,,,Conway,AR,72032,
Faulkner,GE2020,11/3/2020 00:00:00,UCA/Or Any Vote Center,242 S. Donaghey Ave,,,Conway,AR,72034,
Faulkner,GE2020,11/3/2020 00:00:00,Vilonia 1st Bapt Ch./or Any Vote Center,1206 Main St.,,,Vilonia,AR,72173,
Faulkner,GE2020,11/3/2020 00:00:00,Wooster 1st Baptist Ch./Or Any Vote Center,68 Church Circle,,,Wooster,AR,72181,
Franklin,GE2020,11/3/2020 00:00:00,Altus United Pentecostal Church,110 Miller St.,,,Altus,AR,72821,
Franklin,GE2020,11/3/2020 00:00:00,Branch City Hall,22 N Jones,,,Branch,AR,72928,
Franklin,GE2020,11/3/2020 00:00:00,Charleston Catholic Hall,18 Prairie St,,,Charleston,AR,72933,
Franklin,GE2020,11/3/2020 00:00:00,N Franklin County Fair Bldg,806 N. 29th St.,,,Ozark,AR,72949,
Franklin,GE2020,11/3/2020 00:00:00,Rehobeth Baptist Church,8533 Wire Rd.,,,Ozark,AR,72949,
Franklin,GE2020,11/3/2020 00:00:00,Webb City Baptist Church,817 Hwy 309,,,Ozark,AR,72949,
Fulton,GE2020,11/3/2020 00:00:00,Fulton County Fair Grounds V C,124 Arena Lane,,,Salem,AR,72576,
Fulton,GE2020,11/3/2020 00:00:00,Gepp Fire Station V C,389 Hwy 87 North,,,Gepp,AR,72583,
Fulton,GE2020,11/3/2020 00:00:00,Glencoe Fire Station V C,101 Qult Palace Road,,,Glencoe,AR,72539,
Fulton,GE2020,11/3/2020 00:00:00,Old Ms Parts Store V C,960 Main Street,,,,AR,72554,
Fulton,GE2020,11/3/2020 00:00:00,Omaha Center V C,20 Omaha Circle,,,Cherokee Village,AR,72529,
Fulton,GE2020,11/3/2020 00:00:00,Viola First Baptist Church V C,9333 Hwy 62 West,,,Viola,AR,72583,
Garland,GE2020,11/3/2020 00:00:00,Any Vote Center - All Voters,,,,,AR,,
Garland,GE2020,11/3/2020 00:00:00,A-vc-005- Uu Church- Early Voting,403 Barcelona Rd,,,,AR,,
Garland,GE2020,11/3/2020 00:00:00,A-vc-01-Garland County Election Comm-Election Day,649 A Ouachita,,,Hot Springs,AR,71901,
Garland,GE2020,11/3/2020 00:00:00,A-vc-02-hs Convintion Center- Election Day,"Church St, off Malvern Ave",,,,AR,,
Garland,GE2020,11/3/2020 00:00:00,A-vc-03-bates Community Church,419 McClendon Rd,,,Hot Springs,AR,71901,
Garland,GE2020,11/3/2020 00:00:00,A-vc-04-lakepointe Church,1343 Albert Pike,,,Hot Springs,AR,71913,
Garland,GE2020,11/3/2020 00:00:00,A-vc-06-garland County Library,1427 Malvern Ave,,,Hot Springs,AR,,
Garland,GE2020,11/3/2020 00:00:00,A-vc-07-red Oak Baptist Church,2791 Hwy 290,,,Hot Springs,AR,,
Garland,GE2020,11/3/2020 00:00:00,A-vc--08-hot Springs Mall-Election Day,4501 Central Ave,,,Hot Springs,AR,,
Garland,GE2020,11/3/2020 00:00:00,A-vc-09-piney Grove United Methodist Ch.,2963 Airport Rd,,,Pearcy,AR,71964,
Garland,GE2020,11/3/2020 00:00:00,A-vc-10-first Baptist Ch Royal,7402 Albert Pike Rd,,,Royal,AR,71968,
Garland,GE2020,11/3/2020 00:00:00,A--Vc--11-community Baptist Church,3518 N HWY 7,,,Hot Springs,AR,,
Garland,GE2020,11/3/2020 00:00:00,A-vc-12-mountain Pine City Hall,241 Main Street,,,Mountain Pine,AR,71956,
Garland,GE2020,11/3/2020 00:00:00,A-vc--13-fountain Lake School,4207 Park Ave,,,Hot Springs,AR,71901,
Garland,GE2020,11/3/2020 00:00:00,A-vc--14-lonsdale City Hall,501 Cockrill St,,,Lonsdale,AR,72087,
Garland,GE2020,11/3/2020 00:00:00,A-vc--15-unitarian Univeralist Church,403 Barcelona Rd,,,Hot Springs,AR,71909,
Garland,GE2020,11/3/2020 00:00:00,A-vc-16-ronake Baptist Church,238 Whittington Ave,,,Hot Springs,AR,71901,
Grant,GE2020,11/3/2020 00:00:00,Calvert Fire Department / Any 9 Vote Centers,7630 Hwy 167 South,,,Sheridan,AR,72150,
Grant,GE2020,11/3/2020 00:00:00,Grapevine Church of God in Christ/ Any Vote Center,6965 Hwy 35 S.,,,Grapevine,AR,72057,
Grant,GE2020,11/3/2020 00:00:00,Immanuel Baptist Church Fellowship/Any Vote Center,206 E Holly,,,Sheridan,AR,72150,
Grant,GE2020,11/3/2020 00:00:00,Leola City Hall/ Any 9 Vote Centers,314 W 6th Ave.,,,Leola,AR,72084,
Grant,GE2020,11/3/2020 00:00:00,Marlow Missionary Baptist Church/ Any Vote Centers,149 Grant 58,,,Sheridan,AR,72150,
Grant,GE2020,11/3/2020 00:00:00,Meadowview Southern Baptist Church/any Vote Center,9914 Hwy 270 E,,,Sheridan,AR,72150,
Grant,GE2020,11/3/2020 00:00:00,Poyen School Arena/ Any 9 Vote Centers,14685 Hwy 270 W.,,,Poyen,AR,72128,
Grant,GE2020,11/3/2020 00:00:00,Prattsville Community Center / Any 9 Vote Centers,9108 Hwy 270 W.,,,Prattsville,AR,72129,
Grant,GE2020,11/3/2020 00:00:00,Tull Community Center/ Any 9 Vote Centers,8208 North Main,,,Tull,AR,72015,
Greene,GE2020,11/3/2020 00:00:00,Center Hill Church of Christ Or Any Vote Center,4904 Walcott Road,,,Paragould,AR,72450,
Greene,GE2020,11/3/2020 00:00:00,Delaplaine Baptist Church Or Any Vote Center,354 Toler Street,,,Delaplaine,AR,72425,
Greene,GE2020,11/3/2020 00:00:00,Finch Community Building Or Any Vote Center,72 Highway 351,,,Paragould,AR,72450,
Greene,GE2020,11/3/2020 00:00:00,M'duke 1st Baptist Church Or Any Vote Center,304 N First St,,,Marmaduke,AR,72443,
Greene,GE2020,11/3/2020 00:00:00,Oak Grove Comm Center Or Any Vote Center,85 Kimberly Street,,,Paragould,AR,72450,
Greene,GE2020,11/3/2020 00:00:00,Paragould Comm Center Or Any Vote Center,3404 Linwood Drive,,,Paragould,AR,72450,
Greene,GE2020,11/3/2020 00:00:00,Senior Center Or Any Vote Center,121 N 12th St,,,Paragould,AR,72450,
Greene,GE2020,11/3/2020 00:00:00,St. John's Lutheran Or Any Vote Center,11530 Hwy 135 N,,,Lafe,AR,72436,
Greene,GE2020,11/3/2020 00:00:00,Western Gr Co Fire Dist#1 Or Any Vote Center,123 Highway 141 South,,,Paragould,AR,72450,
Hempstead,GE2020,11/3/2020 00:00:00,Bingen Community Center,717 Hempstead 27 North,,,Nashville,AR,71852,
Hempstead,GE2020,11/3/2020 00:00:00,Cross Roads Fire Station,1402 Hwy 73 West,,,Washington,AR,71862,
Hempstead,GE2020,11/3/2020 00:00:00,Fulton Library (Fulton),302 Little River St.,,,Fulton,AR,71838,
Hempstead,GE2020,11/3/2020 00:00:00,Hope Fair Park Coliseum,Hope Fair Park,,,Hope,AR,71801,
Hempstead,GE2020,11/3/2020 00:00:00,McCaskill Community Center,4229 Hwy 371,,,Mccaskill,AR,71847,
Hempstead,GE2020,11/3/2020 00:00:00,Ozan Fire Station (Ozan),111 City Street,,,Ozan,AR,71855,
Hempstead,GE2020,11/3/2020 00:00:00,Patmos Municipal  Fire Station,724 Hwy 355 E,,,Hope,AR,71801,
Hempstead,GE2020,11/3/2020 00:00:00,Saratoga School,2001 Main St.,,,Saratoga,AR,71859,
Hempstead,GE2020,11/3/2020 00:00:00,Spring Hill Fire Station,115 Foley Lane,,,Hope,AR,71801,
Hempstead,GE2020,11/3/2020 00:00:00,Washington Fire Station,103 Franklin St.,,,Washington,AR,71862,
Hempstead,GE2020,11/3/2020 00:00:00,Word of Faith Church,5898 South Main St,,,Blevins,AR,71825,
Hot Spring,GE2020,11/3/2020 00:00:00,Ev Hot Spring County Fairgrounds,1303 Collie Rd,,,Malvern,AR,72104,
Hot Spring,GE2020,11/3/2020 00:00:00,Hot Spring County Fairgrounds,1303 Collie Rd,,,Malvern,AR,72104,
Hot Spring,GE2020,11/3/2020 00:00:00,VC #3 Glen Rose Missionary Baptist Church,928 Traskwood Rd,,,Malvern,AR,72104,
Hot Spring,GE2020,11/3/2020 00:00:00,VC #4 First Southern Baptist Church,142 Magnet School Rd,,,Malvern,AR,72104,
Hot Spring,GE2020,11/3/2020 00:00:00,VC #5 Deroche Fire Station,18703 HWY 84,,,Bismarck,AR,71929,
Hot Spring,GE2020,11/3/2020 00:00:00,VC #6 Bismarck Methodist Church,7075 HWY 7,,,Bismarck,AR,71929,
Hot Spring,GE2020,11/3/2020 00:00:00,VC #6 Ev Bismarck Methodist Church,7075 Hwy 7,,,Bismarck,AR,71929,
Hot Spring,GE2020,11/3/2020 00:00:00,VC #8 Riverside Baptist Church,151 Schoolhouse Dr,,,Donaldson,AR,71941,
Howard,GE2020,11/3/2020 00:00:00,Carter Day South,200 Lake Nichols,,,Nashville,AR,71852,
Howard,GE2020,11/3/2020 00:00:00,Dierks Community Center,102 W. 2nd  St.,,,Dierks,AR,71833,
Howard,GE2020,11/3/2020 00:00:00,First Baptist Comm. Center,417 North 2nd St,,,Nashville,AR,71852,
Howard,GE2020,11/3/2020 00:00:00,Min Springs Methodist Church West,101 Church Street,,,Mineral Springs,AR,71851,
Independence,GE2020,11/3/2020 00:00:00,Batesville Community Center Or Any Vote Center,1420 20th Street,,,Batesville,AR,72501,
Independence,GE2020,11/3/2020 00:00:00,Believers Community Church Or Any Vote Center,3645 N. St. Louis,,,Batesville,AR,72501,
Independence,GE2020,11/3/2020 00:00:00,Charlotte Fire Department Or Any Vote Center,7185 White Drive,,,Charlotte,AR,72522,
Independence,GE2020,11/3/2020 00:00:00,Cushman Community Center Or Any Vote Center,2nd & School St.,,,Cushman,AR,72526,
Independence,GE2020,11/3/2020 00:00:00,Desha Fire Department Or Any Vote Center,971 Hebersprings Rd.,,,Batesville,AR,72501,
Independence,GE2020,11/3/2020 00:00:00,Moorefield Community Building Or Any Vote Center,55 Moore Ave,,,Batesville,AR,72501,
Independence,GE2020,11/3/2020 00:00:00,Newark Fire Department Or Any Voter Center,500 N. Hill Street,,,Newark,AR,72562,
Independence,GE2020,11/3/2020 00:00:00,Oil Trough City Hall Or Any Vote Center,50 N. Main,,,Oil Trough,AR,72564,
Independence,GE2020,11/3/2020 00:00:00,Pleasant Plains City Hall Or Any Vote Center,100 E. Wood St.,,,Pleasant Plains,AR,72568,
Independence,GE2020,11/3/2020 00:00:00,Southside City Hall Or Any Vote Center,2181  Batesville Blvd.,,,Batesville,AR,72501,
Independence,GE2020,11/3/2020 00:00:00,Sulphur Rock City Hall Or Any Vote Center,225 S. Main,,,Sulphur Rock,AR,72579,
Independence,GE2020,11/3/2020 00:00:00,West Baptist Church Or Any Vote Center,1100 N. Central Avenue,,,Batesville,AR,72501,
Izard,GE2020,11/3/2020 00:00:00,Brand New Church,Hwy 56 and 223,,,Calico Rock,AR,72519,
Izard,GE2020,11/3/2020 00:00:00,Franklin Community Building,37 N MAIN ST,,,Franklin,AR,72536,
Izard,GE2020,11/3/2020 00:00:00,Guion Fire Dept,330 Main St.,,,Guion,AR,72540,
Izard,GE2020,11/3/2020 00:00:00,Horseshoe Bend Music Theatre,811 Second St,Diamond B Mall,,Horseshoe  Bend,AR,72512,
Izard,GE2020,11/3/2020 00:00:00,Izard County Senior Center,30 Chapel Hill Rd.,,,Brockwell,AR,72517,
Izard,GE2020,11/3/2020 00:00:00,Mt Pleasant Community Building,364 AR 69 HWY,,,Mt  Pleasant,AR,72561,
Izard,GE2020,11/3/2020 00:00:00,Oxford City Hall,11 1ST ST/AR 9 HWY N,,,Oxford,AR,72565,
Izard,GE2020,11/3/2020 00:00:00,Ozarka College,218 COLLEGE DR,,,Melbourne,AR,72556,
Izard,GE2020,11/3/2020 00:00:00,Ruthie Mtn. Fire Department #1,3541 MOUNT OLIVE RD,,,Melbourne,AR,72556,
Izard,GE2020,11/3/2020 00:00:00,Zion Comm Ctr,4483 AR 289 HWY,,,Zion,AR,72589,
Jackson,GE2020,11/3/2020 00:00:00,Beedeville Church of Christ Or Other Vote Center,908 Main Street,,,Beedeville,AR,72014,
Jackson,GE2020,11/3/2020 00:00:00,Crossroads Church of Christ Or Other Vote Center,801 Jackson 7,,,Bradford,AR,72020,
Jackson,GE2020,11/3/2020 00:00:00,Grubbs Community Center Or Other Vote Center,405 Walnut Street,,,Grubbs,AR,72431,
Jackson,GE2020,11/3/2020 00:00:00,Jackson County Election Ctr Or Other Vote Center,2109 Malcolm Ave,,,Newport,AR,72112,
Jackson,GE2020,11/3/2020 00:00:00,PHP Building Or Other Vote Center,Hwy 145 & Hurley Ave,,,Amagon,AR,72005,
Jackson,GE2020,11/3/2020 00:00:00,Possum Grape Church of Christ Or Other Vote Center,7798 Hwy 367 N,,,Bradford,AR,72020,
Jackson,GE2020,11/3/2020 00:00:00,Swifton Community Center Or Other Vote Center,106 Main Street,,,Swifton,AR,72471,
Jackson,GE2020,11/3/2020 00:00:00,Tuckerman Fire Dept. Or Other Vote Center,201 W. Main,,,Tuckerman,AR,72473,
Jackson,GE2020,11/3/2020 00:00:00,Tupelo Community Building Or Other Vote Center,15 Elm,,,Tupelo,AR,72169,
Jefferson,GE2020,11/3/2020 00:00:00,1st Baptist Church Activities Building,8203 Dollarway Rd,,,White Hall,AR,71602,
Jefferson,GE2020,11/3/2020 00:00:00,1st Presbyterian Church,717 West 32nd,,,Pine Bluff,AR,71603,
Jefferson,GE2020,11/3/2020 00:00:00,Central Baptist Church,6107 Dollarway Rd,,,,AR,71602,
Jefferson,GE2020,11/3/2020 00:00:00,Central Presbyterian Church,6300 Trinity Dr,,,Pine Bluff,AR,71601,
Jefferson,GE2020,11/3/2020 00:00:00,Church Of Christ,4015 Hazel,,,Pine Bluff,AR,71603,
Jefferson,GE2020,11/3/2020 00:00:00,"Community Center, Wabbaseka",110 South 1st,,,Wabbaseka,AR,72175,
Jefferson,GE2020,11/3/2020 00:00:00,Cumberland Presbyterian,2401 Camden Rd,,,Pine Bluff,AR,71603,
Jefferson,GE2020,11/3/2020 00:00:00,Family Church of Pine Bluff,23rd Elm,,,Pine Bluff,AR,71601,
Jefferson,GE2020,11/3/2020 00:00:00,Family Church-Redfield Campus,721 Sheridan Road,,,Redfield,AR,72132,
Jefferson,GE2020,11/3/2020 00:00:00,First Baptist Church-Fellowship Hall,6501 S. Hazel,,,Pine Bluff,AR,71603,
Jefferson,GE2020,11/3/2020 00:00:00,Forrest Park Assembly,33rd Hazel,,,Pine Bluff,AR,71603,
Jefferson,GE2020,11/3/2020 00:00:00,Goodfaith Un. Methodist,3703 Ryburn Rd,,,Pine Bluff,AR,71603,
Jefferson,GE2020,11/3/2020 00:00:00,Gospel Temple Baptist,1100 Oakwood,,,Pine Bluff,AR,71603,
Jefferson,GE2020,11/3/2020 00:00:00,Grace Temple,909 Wisconsin,,,Pine Bluff,AR,71601,
Jefferson,GE2020,11/3/2020 00:00:00,Greenmeadows Baptist Annex,Hwy 65 South,,,Pine Bluff,AR,71601,
Jefferson,GE2020,11/3/2020 00:00:00,Hardin Baptist Church,300 Todd Lynn Dr,,,,AR,71602,
Jefferson,GE2020,11/3/2020 00:00:00,Highland Baptist Church,1320 South Peach,,,Pine Bluff,AR,71603,
Jefferson,GE2020,11/3/2020 00:00:00,Humphrey Community Center,410 S Division,,,Humphrey,AR,72073,
Jefferson,GE2020,11/3/2020 00:00:00,Hwy 15 Vol. Fire Dept,10672 Nw Hwy 063,,,Pine Bluff,AR,71603,
Jefferson,GE2020,11/3/2020 00:00:00,Immanuel Baptist Church,16th Hickory,,,Pine Bluff,AR,71603,
Jefferson,GE2020,11/3/2020 00:00:00,Jefferson Water Co,111 Wishbone Farm Rd,,,Jefferson,AR,72079,
Jefferson,GE2020,11/3/2020 00:00:00,Linwood/Moscow Volunteer Fire Dept.,323 Linwood Dr,,,Moscow,AR,71659,
Jefferson,GE2020,11/3/2020 00:00:00,Mt. Harmony Church Family Life Center,812 East Harding,,,Pine Bluff,AR,71601,
Jefferson,GE2020,11/3/2020 00:00:00,Mt.Bayou Baptist Chruch,305 S Edline,,,Altheimer,AR,72004,
Jefferson,GE2020,11/3/2020 00:00:00,New St Hurricane Baptist Church,3319 S Ohio St,,,Pine Bluff,AR,71601,
Jefferson,GE2020,11/3/2020 00:00:00,New Town Miss. Baptist,3600 W 2nd,,,Pine Bluff,AR,71601,
Jefferson,GE2020,11/3/2020 00:00:00,Old Morning Star Baptist Church,3116 Port Rd,,,Pine Bluff,AR,71601,
Jefferson,GE2020,11/3/2020 00:00:00,Sahara Temple (Dining Room),Ninth at Main,,,Pine Bluff,AR,71601,
Jefferson,GE2020,11/3/2020 00:00:00,"School Adm Office, W Pullen",1215 W Pullen,,,Pine Bluff,AR,71601,
Jefferson,GE2020,11/3/2020 00:00:00,Sherrill City Hall,201 East Main,,,Sherrill,AR,72152,
Jefferson,GE2020,11/3/2020 00:00:00,South Pinewood Baptist Church,8869 Hwy 79 South,,,Pine Bluff,AR,71603,
Jefferson,GE2020,11/3/2020 00:00:00,St James United Methodist Church,900 University Drive,,,Pine Bluff,AR,71601,
Jefferson,GE2020,11/3/2020 00:00:00,St Peters Rock Baptist Church,1201 S Catalpa,,,Pine Bluff,AR,71603,
Jefferson,GE2020,11/3/2020 00:00:00,St. Luke United Methodist Church,32 School Street,,,Pine Bluff,AR,71602,
Jefferson,GE2020,11/3/2020 00:00:00,Sulphur Springs Methodist Church,9238 Sulphur Springs,,,Pine Bluff,AR,71603,
Jefferson,GE2020,11/3/2020 00:00:00,Swan Lake VFD,14997 Hwy 88 South,,,Altheimer,AR,72004,
Jefferson,GE2020,11/3/2020 00:00:00,Trinity Lutheran Church,4200 Old Warren Rd,,,Pine Bluff,AR,71603,
Jefferson,GE2020,11/3/2020 00:00:00,Tucker Fire Department,3305 Fire Department Road,,,,AR,72168,
Jefferson,GE2020,11/3/2020 00:00:00,White Hall Community Center,9801 Dollarway Rd,,,Pine Bluff,AR,71603,
Johnson,GE2020,11/3/2020 00:00:00,Center Point Church Or Any Other Vote Center,180 CR 3080,,,Coal Hill,AR,72832,
Johnson,GE2020,11/3/2020 00:00:00,East Mt Zion Church Or Any Other Vote Center,1572 CR 4400,,,Clarksville,AR,72830,
Johnson,GE2020,11/3/2020 00:00:00,Hagarville Comm. Center Or Any Other Vote Center,10577 Hwy 123,,,Hagarville,AR,72839,
Johnson,GE2020,11/3/2020 00:00:00,Harmony Presb.church Or Any Other Vote Center,202 CR 3271,,,Clarksville,AR,72830,
Johnson,GE2020,11/3/2020 00:00:00,Knoxville City Hall Or Any Other Vote Center,153 Old Hwy 64 S,,,Knoxville,AR,72845,
Johnson,GE2020,11/3/2020 00:00:00,Lamar Comm. Buildg Or Any Other Vote Center,601 Cabin Creek Rd,,,Lamar,AR,72846,
Johnson,GE2020,11/3/2020 00:00:00,Marvin Vinson Building Or Any Other Vote Center,1611 Oakland St,,,Clarksville,AR,72830,
Johnson,GE2020,11/3/2020 00:00:00,Oark School Cafeteria Or Any Other Vote Center,402 Hwy 215,,,Oark,AR,72952,
Johnson,GE2020,11/3/2020 00:00:00,Ozone Community Building Or Any Other Vote Center,14137 Hwy 21,,,Ozone,AR,72854,
Johnson,GE2020,11/3/2020 00:00:00,Westsde High Sch Saferoom Or Any Other Vote Center,1535 Rabbit Hill Rd,,,Hartman,AR,72840,
Johnson,GE2020,11/3/2020 00:00:00,Woodland Community Bldg Or Any Other Vote Center,1187 CR 3350,,,Clarksville,AR,72830,
Lafayette,GE2020,11/3/2020 00:00:00,County Court House Early Voting,,,,,AR,,
Lawrence,GE2020,11/3/2020 00:00:00,Alicia City Hall,122 E. Main St.,,,Alicia,AR,72410,
Lawrence,GE2020,11/3/2020 00:00:00,Assembly of God Church Imboden,5969 Highway 63,,,Imboden,AR,72434,
Lawrence,GE2020,11/3/2020 00:00:00,Black Rock City Hall,491 Elm St.,,,Black Rock,AR,72415,
Lawrence,GE2020,11/3/2020 00:00:00,Hoxie Service Center,500 SW Lawrence St.,,,Hoxie,AR,72433,
Lawrence,GE2020,11/3/2020 00:00:00,Lawrence County Community Room,115 West Walnut,,,Walnut Ridge,AR,72476,
Lawrence,GE2020,11/3/2020 00:00:00,Lynn Community Center/water Office,60 School St.,,,Lynn,AR,72440,
Lawrence,GE2020,11/3/2020 00:00:00,Minturn City Hall,101 SW Second St.,,,Minturn,AR,72445,
Lawrence,GE2020,11/3/2020 00:00:00,Portia City Hall,503 W. Front St.,,,Portia,AR,72457,
Lawrence,GE2020,11/3/2020 00:00:00,Powhatan Community Building,225 Highway 117 Spur,,,Powhatan,AR,72458,
Lawrence,GE2020,11/3/2020 00:00:00,Ravenden Community Building,227 S. Second St.,,,Ravenden,AR,72459,
Lawrence,GE2020,11/3/2020 00:00:00,Sedgwick Community Building,130 Maple St.,,,Sedgwick,AR,72465,
Lawrence,GE2020,11/3/2020 00:00:00,Smithville Community Building,116 S. Highway 115,,,Smithville,AR,72466,
Lawrence,GE2020,11/3/2020 00:00:00,Strawberry Community Building,19 S. Main St.,,,Strawberry,AR,72469,
Lee,GE2020,11/3/2020 00:00:00,Aubrey City Hall,106 Trailby St,,,Aubrey,AR,72311,
Lee,GE2020,11/3/2020 00:00:00,Marianna Civic Center,593 Hwy 243,,,Marianna,AR,72360,
Lee,GE2020,11/3/2020 00:00:00,Moro Community Center-Old Cafeteria,1106 Hwy 238,,,Moro,AR,72368,
Lincoln,GE2020,11/3/2020 00:00:00,Bright Star Church,Hwy 425,,,Star City,AR,71667,
Lincoln,GE2020,11/3/2020 00:00:00,Cornerville Comm. Ctr.,38821 St. Hwy 11 South,,,Star City,AR,71667,
Lincoln,GE2020,11/3/2020 00:00:00,Dark Corner Christian Church,,,,,AR,,
Lincoln,GE2020,11/3/2020 00:00:00,Glendale Fire Station,1219 St Hwy 54 West,,,Star City,AR,71667,
Lincoln,GE2020,11/3/2020 00:00:00,Grady Community Center,Hwy 65,,,Grady,AR,71644,
Lincoln,GE2020,11/3/2020 00:00:00,Griffith Springs Community Center,312 Arrowhead Rd.,,,Pine Bluff,AR,71603,
Lincoln,GE2020,11/3/2020 00:00:00,Holly Springs Missionary Baptist Church,13369 St Hwy 54 E,,,Star City,AR,71667,
Lincoln,GE2020,11/3/2020 00:00:00,"Landmark Baptist Church (aub,gould Twp, Gould Wd1)",,,,,AR,,
Lincoln,GE2020,11/3/2020 00:00:00,"Landmark Baptist Church (gould Wd2, Gould Wd3)",Hwy 65,,,Gould,AR,71643,
Lincoln,GE2020,11/3/2020 00:00:00,Mt. Nebo Baptist,12799 US. Hwy 425,,,Star City,AR,71667,
Lincoln,GE2020,11/3/2020 00:00:00,Palmyra Fire Station,3543 St. Hwy 114 West,,,Star City,AR,71667,
Lincoln,GE2020,11/3/2020 00:00:00,SE Lincoln County Fire Dept.,111 Maplewood Rd.,,,Dumas,AR,71639,
Lincoln,GE2020,11/3/2020 00:00:00,Star City Civic Center- Cane Creek 2 &3,,,,,AR,,
Lincoln,GE2020,11/3/2020 00:00:00,Star City Civic Center-Cane Creek 1,201 Liberty St.,,,Star City,AR,71667,
Lincoln,GE2020,11/3/2020 00:00:00,Star City Civic Center-SC Ward 1,201 Liberty St.,,,Star City,AR,71667,
Lincoln,GE2020,11/3/2020 00:00:00,Star City Civic Center-Sc Ward 2,201 Liberty St.,,,Star City,AR,71667,
Lincoln,GE2020,11/3/2020 00:00:00,Star City Civic Center-Sc Ward 3,201 Liberty St.,,,Star City,AR,71667,
Little River,GE2020,11/3/2020 00:00:00,Vc1-Little River County Election Center,349 N 3rd Street,,,Ashdown,AR,71822,
Little River,GE2020,11/3/2020 00:00:00,Vc2-First Baptist Church of Foreman,915 Schuman,,,Foreman,AR,71836,
Little River,GE2020,11/3/2020 00:00:00,Vc3-First Southern Baptiist Church of Crossroads,1610 Hwy 41N,,,Winthrop,AR,71866,
Little River,GE2020,11/3/2020 00:00:00,Vc4-Ogden Community Building,208 Pine Street,,,Ogden,AR,71853,
Little River,GE2020,11/3/2020 00:00:00,Vc5-First Baptist Church of Wilton,737 Main (Hwy 71),,,Wilton,AR,71865,
Little River,GE2020,11/3/2020 00:00:00,Vc6-Millwood Baptist Church,800 Hwy 32 E,,,Ashdown,AR,71822,
Logan,GE2020,11/3/2020 00:00:00,1st National Bank Community Building,23 East Main,,,Paris,AR,72855,
Logan,GE2020,11/3/2020 00:00:00,Ione Community Bldg.,10543 South St Hwy 23,,,Booneville,AR,72855,
Logan,GE2020,11/3/2020 00:00:00,Jeral Hampton Meeting Place,114 West Main St.,,,Booneville,AR,72927,
Logan,GE2020,11/3/2020 00:00:00,Magazine Community Center,36 North State Hwy 109,,,Magazine,AR,72943,
Logan,GE2020,11/3/2020 00:00:00,New Blaine Rural Fire - Shoal Creek Station,291 Saint Scholastic Rd.,,,New Blaine,AR,72851,
Logan,GE2020,11/3/2020 00:00:00,Ratcliff City Hall,105 N Wilson Ave,,,Ratcliff,AR,72951,
Logan,GE2020,11/3/2020 00:00:00,Scranton American Legion Hall,108 South Park Ave,,,Scranton,AR,72863,
Logan,GE2020,11/3/2020 00:00:00,St. Benedict Hall 'Roundhouse',52 West Parish Drive,,,Subiaco,AR,72865,
Lonoke,GE2020,11/3/2020 00:00:00,Austin City Hall,3181 Hwy 367 N.,,,Austin,AR,72007,
Lonoke,GE2020,11/3/2020 00:00:00,Cabot Library,909 W. Main,,,Cabot,AR,,
Lonoke,GE2020,11/3/2020 00:00:00,Cabot Senior Event Center,Grant Stl,,,Cabot,AR,72023,
Lonoke,GE2020,11/3/2020 00:00:00,Carlisle Civic Center - Twp,215 South Court,,,Carlisle,AR,72024,
Lonoke,GE2020,11/3/2020 00:00:00,England Fitness Center,107 Valley View Dr.,,,England,AR,72046,
Lonoke,GE2020,11/3/2020 00:00:00,Humn.sch.home Ec.bldg.-Humnoke,50 N 5th St,,,Humnoke,AR,72072,
Lonoke,GE2020,11/3/2020 00:00:00,Keo Fire Department-Keo,226 Main St,,,Keo,AR,72083,
Lonoke,GE2020,11/3/2020 00:00:00,Lonoke Co. Courthouse Annex,210 N. Center St.,,,Lonoke,AR,72086,
Lonoke,GE2020,11/3/2020 00:00:00,Lonoke Community Center,1344 W. Front St.,,,Lonoke,AR,72086,
Lonoke,GE2020,11/3/2020 00:00:00,South Bend Fire Department,4414 Ar Hwy 294,,,Jacksonville,AR,72076,
Lonoke,GE2020,11/3/2020 00:00:00,St. Matthews Church,6411 S Kerr Rd,,,Scott,AR,72142,
Lonoke,GE2020,11/3/2020 00:00:00,Tri-Comm.Fire Dept.Station #1,6544  Hwy 321  E.,,,Austin,AR,72007,
Lonoke,GE2020,11/3/2020 00:00:00,Ward Chamber of Commerce Building,80 West 2nd. St.,,,Ward,AR,72176,
Madison,GE2020,11/3/2020 00:00:00,Hindsville First Baptist Church,4359 S Main St,,,Hindsville,AR,72738,
Madison,GE2020,11/3/2020 00:00:00,Huntsville Missionary Baptist Church,5602 Business Hwy 412,,,Huntsville,AR,72740,
Madison,GE2020,11/3/2020 00:00:00,Kingston Community Building,219 Madison 3000,,,Kingston,AR,72742,
Madison,GE2020,11/3/2020 00:00:00,St Paul Community Building,371 Madison Ave,,,St Paul,AR,72760,
Madison,GE2020,11/3/2020 00:00:00,Wesley Community Building,1648 Hwy 74,,,Wesley,AR,72773,
Marion,GE2020,11/3/2020 00:00:00,Bruno-Pyatt School Vote Center,4754 Hwy 125 S.,,,Eros,AR,72633,
Marion,GE2020,11/3/2020 00:00:00,Bull Shoals City Hall Vote Center,706 C. S. Woods Blvd.,,,Bull Shoals,AR,72619,
Marion,GE2020,11/3/2020 00:00:00,Caney Fire Dept. Vote Center,11012 Hwy 14 S,,,Yellville,AR,72687,
Marion,GE2020,11/3/2020 00:00:00,Flippin High School Vote Center,103 Alford St.,,,,AR,72634,
Marion,GE2020,11/3/2020 00:00:00,Lakeway Firehouse Vote Center,55 MC 3055,,,Yellville,AR,72687,
Marion,GE2020,11/3/2020 00:00:00,Marion County Fairgrounds Vote Center,513 E. Seawell,,,Summit,AR,72677,
Marion,GE2020,11/3/2020 00:00:00,Promise Land Community Building Vote Center,6178 Promise Land Rd.,,,Mountain  Home,AR,72653,
Miller,GE2020,11/3/2020 00:00:00,Not Used,,,,,AR,,
Miller,GE2020,11/3/2020 00:00:00,Vcc 11 Central Bapt Church Or Any Vote Center,2117 East 35th Street,,,Texarkana,AR,75504,
Miller,GE2020,11/3/2020 00:00:00,Vcc 12 Ozan Inghram Or Any Vote Center,1101 Couch,,,Texarkana,AR,71854,
Miller,GE2020,11/3/2020 00:00:00,Vcc 13 Rondo UMC Or Any Vote Center,2335 North Rondo Road,,,Texarkana,AR,71854,
Miller,GE2020,11/3/2020 00:00:00,Vcc 14 Sandflat Center Or Any Vote Center,209 East 14th,,,Texarkana,AR,71854,
Miller,GE2020,11/3/2020 00:00:00,Vcc 15 Sugar Hill UMC Or Any Vote Center,1621 Sugar Hill Rd,,,Texarkana,AR,71854,
Miller,GE2020,11/3/2020 00:00:00,Vcc 17 Cornerstone Bapt Ch Or Any Vote Center,3900 Union Road,,,Texarkana,AR,71854,
Miller,GE2020,11/3/2020 00:00:00,Vcc 3 Highland Ch of Christ Or Any Vote Center,1705 Highland Street,,,Texarkana,AR,71854,
Miller,GE2020,11/3/2020 00:00:00,Vcc 4 Doddridge Comm Ctr Or Any Vote Center,9542 State Highway 160,,,Doddridge,AR,71834,
Miller,GE2020,11/3/2020 00:00:00,Vcc 5 Fouke Community Ctr Or Any Vote Center,203 East Redcut Road,,,Fouke,AR,71837,
Miller,GE2020,11/3/2020 00:00:00,Vcc 6 Garland City Hall Or Any Vote Center,104 5th Street,,,Garland,AR,71839,
Miller,GE2020,11/3/2020 00:00:00,Vcc 7 Genoa Bapt Church Or Any Vote Center,70 Miller County 289,,,Texarkana,AR,71854,
Miller,GE2020,11/3/2020 00:00:00,Vcc 8 Christ UMC Or Any Vote Center,5204 South Rondo Rd,,,Texarkana,AR,71854,
Miller,GE2020,11/3/2020 00:00:00,Vcc 9 Hickory St Bapt Ch Or Any Vote Center,2923 Hickory Street,,,Texarkana,AR,71854,
Mississippi,GE2020,11/3/2020 00:00:00,Manila Airport Community Center,100 Airport Road,,,Manila,AR,,
Mississippi,GE2020,11/3/2020 00:00:00,Miss Cnty Elec. Cntr,500 W Chickasawba,,,Blytheville,AR,72315,
Mississippi,GE2020,11/3/2020 00:00:00,Old Osc Jr. High Cafeteria,311 Marjorie,,,Osceola,AR,72370,
Monroe,GE2020,11/3/2020 00:00:00,Brinkley Convention Center (1),1501 Weatherby Drive,,,Brinkley,AR,72021,
Monroe,GE2020,11/3/2020 00:00:00,Clarendon Executive Hall,630 Madison Street,,,Clarendon,AR,72029,
Monroe,GE2020,11/3/2020 00:00:00,Holly Grove Community Center,119 West Ralph Abramson,,,Holly Grove,AR,72069,
Monroe,GE2020,11/3/2020 00:00:00,Roe Community Center,366 Williams Street,,,Roe,AR,72134,
Montgomery,GE2020,11/3/2020 00:00:00,Vc1: Courthouse Annex,117 Ray Dr,,,Mount Ida,AR,71957,
Montgomery,GE2020,11/3/2020 00:00:00,Vote Center,,,,,AR,,
Nevada,GE2020,11/3/2020 00:00:00,1st Baptist Church (E),,,,,AR,,
Nevada,GE2020,11/3/2020 00:00:00,1st Baptist Church (W),,,,,AR,,
Nevada,GE2020,11/3/2020 00:00:00,Bluff City Hall City,,,,Bluff City,AR,71857,
Nevada,GE2020,11/3/2020 00:00:00,Bluff City Hall Rural,,,,,AR,,
Nevada,GE2020,11/3/2020 00:00:00,Bodcaw School - City,,,,,AR,,
Nevada,GE2020,11/3/2020 00:00:00,Bodcaw School - Rural,,,,,AR,,
Nevada,GE2020,11/3/2020 00:00:00,Central Baptist Church,,,,,AR,,
Nevada,GE2020,11/3/2020 00:00:00,Emmet City Hall - City,,,,,AR,,
Nevada,GE2020,11/3/2020 00:00:00,Emmet City Hall - Rural,,,,,AR,,
Nevada,GE2020,11/3/2020 00:00:00,Laneburg Fire Station (Laneburg),,,,,AR,,
Nevada,GE2020,11/3/2020 00:00:00,Morris Church,,,,,AR,,
Nevada,GE2020,11/3/2020 00:00:00,Rosston City Hall - City,,,,,AR,,
Nevada,GE2020,11/3/2020 00:00:00,Rosston City Hall - Rural,,,,,AR,,
Nevada,GE2020,11/3/2020 00:00:00,Willisville Fire Station - City,,,,,AR,,
Nevada,GE2020,11/3/2020 00:00:00,Willisville Fire Station - Rural,,,,,AR,,
Newton,GE2020,11/3/2020 00:00:00,Bass Church Of Christ,,,,,AR,,
Newton,GE2020,11/3/2020 00:00:00,Boxley Baptist Church,,,,,AR,,
Newton,GE2020,11/3/2020 00:00:00,Compton School,,,,,,,
Newton,GE2020,11/3/2020 00:00:00,County Annex Building A,,,,Jasper,AR,72641,
Newton,GE2020,11/3/2020 00:00:00,Deer School,,,,,AR,,
Newton,GE2020,11/3/2020 00:00:00,Hasty Firestation,,,,,AR,,
Newton,GE2020,11/3/2020 00:00:00,Log Hall Church,,,,,AR,,
Newton,GE2020,11/3/2020 00:00:00,Low Gap Church,,,,,AR,,
Newton,GE2020,11/3/2020 00:00:00,Lurton Community Building,,,,,AR,,
Newton,GE2020,11/3/2020 00:00:00,Mt Judea School,,,,,AR,,
Newton,GE2020,11/3/2020 00:00:00,Mt Sherman Firestation,,,,,AR,,
Newton,GE2020,11/3/2020 00:00:00,Murray Community Building,,,,,AR,,
Newton,GE2020,11/3/2020 00:00:00,Nail Church,,,,,AR,,
Newton,GE2020,11/3/2020 00:00:00,New Davis Store,New Davis Store,,,,AR,,
Newton,GE2020,11/3/2020 00:00:00,Parthenon Community Building,,,,,AR,,
Newton,GE2020,11/3/2020 00:00:00,Ponca Firestation,,,,,AR,,
Newton,GE2020,11/3/2020 00:00:00,Swain Community Building,,,,,AR,,
Newton,GE2020,11/3/2020 00:00:00,Wayton Community Building,,,,,AR,,
Newton,GE2020,11/3/2020 00:00:00,Western Grove Firestation,,,,,AR,,
Newton,GE2020,11/3/2020 00:00:00,Wipperwill Woodworks,,,,,AR,,
Ouachita,GE2020,11/3/2020 00:00:00,Bearden Lion's Club / Or Any Vote Center,450 N 3rd,,,Bearden,AR,71720,
Ouachita,GE2020,11/3/2020 00:00:00,Calvary Baptist Church / Or Any Vote Center,319 Highway 278E,,,Camden,AR,71701,
Ouachita,GE2020,11/3/2020 00:00:00,Chidester City Hall / Or Any Vote Center,118 Willow St.,,,Chidester,AR,71726,
Ouachita,GE2020,11/3/2020 00:00:00,Elliott Baptist Church / Or Any Vote Center,4189 Highway 376S,,,Camden,AR,71701,
Ouachita,GE2020,11/3/2020 00:00:00,Ross Center / Or Any Vote Center,746 California Ave,,,Camden,AR,71701,
Ouachita,GE2020,11/3/2020 00:00:00,Stephens Library / Or Any Vote Center,315 West Chert,,,Stephens,AR,71764,
Ouachita,GE2020,11/3/2020 00:00:00,The Word Family Church / Or Any Vote Center,North Street,,,Camden,AR,71701,
Perry,GE2020,11/3/2020 00:00:00,Adona Methodist Church,,,,,AR,,
Perry,GE2020,11/3/2020 00:00:00,Aplin Church Of Christ,4580 Hwy 60 W,,,Perryville,AR,72126,
Perry,GE2020,11/3/2020 00:00:00,Bigelow City Hall,122 Front St,,,Bigelow,AR,72016,
Perry,GE2020,11/3/2020 00:00:00,Election Commission Building (old Roland Drug),116 N Pine St,,,Perryville,AR,72126,
Perry,GE2020,11/3/2020 00:00:00,Hollis Community Center,334 Hwy 314,,,Plainview,AR,72857,
Perry,GE2020,11/3/2020 00:00:00,Houston Assembly of God,2151 Hwy 60 E,,,Houston,AR,72070,
Perry,GE2020,11/3/2020 00:00:00,Perry County Courthouse,310 W Main St,,,Perryville,AR,72126,
Perry,GE2020,11/3/2020 00:00:00,Pleasant Hill Baptist Church,38 Hill Lp,,,Houston,AR,72070,
Perry,GE2020,11/3/2020 00:00:00,Union Valley Baptist Church,369 Union Valley Rd,,,Perryville,AR,72126,
Perry,GE2020,11/3/2020 00:00:00,Wye United Methodist Church,22300 Hwy 113,,,Bigelow,AR,72016,
Phillips,GE2020,11/3/2020 00:00:00,1st Baptist M.B. Church,Coanza Street,,,West Helena,AR,72390,
Phillips,GE2020,11/3/2020 00:00:00,2nd Baptist Church Third & Baldwin,1 3rd St,,,Helena,AR,,
Phillips,GE2020,11/3/2020 00:00:00,Allen Temple,120 S Ashlar,,,West Helena,AR,,
Phillips,GE2020,11/3/2020 00:00:00,Barton Fire Station,,,,,AR,,
Phillips,GE2020,11/3/2020 00:00:00,Cherry Street Fire Station,,,,,AR,,
Phillips,GE2020,11/3/2020 00:00:00,First Baptist Church,Coanza Street,,,West Helena,AR,72390,
Phillips,GE2020,11/3/2020 00:00:00,Fuller Seed,,,,,AR,,
Phillips,GE2020,11/3/2020 00:00:00,Helena 1st United Methodist Church,502 Porter,,,Helena,AR,72342,
Phillips,GE2020,11/3/2020 00:00:00,Lakeview City Hall,,,,,AR,,
Phillips,GE2020,11/3/2020 00:00:00,Legion Hut (elaine,,,,,AR,,
Phillips,GE2020,11/3/2020 00:00:00,Lexa Fire Station,,,,,AR,,
Phillips,GE2020,11/3/2020 00:00:00,Marvell Fire Station,,,,,AR,,
Phillips,GE2020,11/3/2020 00:00:00,Mellwood Grocery,,,,,AR,,
Phillips,GE2020,11/3/2020 00:00:00,Mount Zion,,,,,AR,,
Phillips,GE2020,11/3/2020 00:00:00,Spring Lake Church,,,,,AR,,
Phillips,GE2020,11/3/2020 00:00:00,Trenton Baptist Church,,,,,AR,,
Phillips,GE2020,11/3/2020 00:00:00,West Helena Water Department,,,,,AR,,
Pike,GE2020,11/3/2020 00:00:00,Bainum Learning Center,128 E Broadway,,,Glenwood,AR,71943,
Pike,GE2020,11/3/2020 00:00:00,Bethlehem Baptist,2589 Hwy 27N,,,Kirby,AR,71950,
Pike,GE2020,11/3/2020 00:00:00,Carmen Hendrix Bldg,621 E Cherry St,,,Delight,AR,71940,
Pike,GE2020,11/3/2020 00:00:00,Murfreesboro Municipal,204 E Main,,,Murfreesboro,AR,71958,
Poinsett,GE2020,11/3/2020 00:00:00,Calvary Baptist Life Center Or Any Vote Center,OR ANY VOTE CENTER,503 S Illinois,,Harrisburg,AR,72432,
Poinsett,GE2020,11/3/2020 00:00:00,Cardinal Community Center Or Any Vote Center,OR ANY VOTE CENTER,311 Garfield,,Weiner,AR,72479,
Poinsett,GE2020,11/3/2020 00:00:00,Central Community Church Or Any Vote Center,OR ANY VOTE CENTER,15775 Hwy 163,,Trumann,AR,72472,
Poinsett,GE2020,11/3/2020 00:00:00,First Baptist Church of Marked Tree,OR ANY VOTE CENTER,412 Liberty St,,Marked Tree,AR,72365,
Poinsett,GE2020,11/3/2020 00:00:00,Lepanto Housing Authority Community Room,OR ANY VOTE CENTER,100 Stevens Square,,Lepanto,AR,72354,
Poinsett,GE2020,11/3/2020 00:00:00,Old Community Center Or Any Vote Center,OR ANY VOTE CENTER,100 Poinsett Ave,,Trumann,AR,72472,
Poinsett,GE2020,11/3/2020 00:00:00,Tyronza Senior Center Or Any Vote Center,OR ANY VOTE CENTER,135 S Main St,,Tyronza,AR,72386,
Poinsett,GE2020,11/3/2020 00:00:00,Waldenburg City Hall Or Any Vote Center,OR ANY VOTE CENTER,5545 Hwy 14E,,Waldenburg,AR,72475,
Polk,GE2020,11/3/2020 00:00:00,American Legion Building Or Any Vote Center,3253 Hwy 71 N,,,Mena,AR,71953,
Polk,GE2020,11/3/2020 00:00:00,Concord Baptist Church Or Any Vote Center,3467 Hwy 88  E,,,Mena,AR,71953,
Polk,GE2020,11/3/2020 00:00:00,Cove Town Hall Or Any Vote Center,5568 Hwy 71 South,,,Cove,AR,71937,
Polk,GE2020,11/3/2020 00:00:00,Dequeen Street Armory Or Any Vote Center,601 DeQueen Street,,,Mena,AR,71953,
Polk,GE2020,11/3/2020 00:00:00,First Baptist Fellowship Hall Or Any Vote Center,811 Port Arthur (8th Street side),,,Mena,AR,71953,
Polk,GE2020,11/3/2020 00:00:00,Grannis Town Hall Or Any Vote Center,132 Frachiseur Rd,,,Grannis,AR,71944,
Polk,GE2020,11/3/2020 00:00:00,Hatfield Auditorium Or Any Vote Center,117 Cemetary Road,,,Hatfield,AR,71945,
Polk,GE2020,11/3/2020 00:00:00,Salem Baptist Church Or Any Vote Center,115 Polk Road 96,,,Mena,AR,71953,
Polk,GE2020,11/3/2020 00:00:00,Wickes Senior Center,136 Stevenson Dr,,,Wickes,AR,71973,
Pope,GE2020,11/3/2020 00:00:00,Crow Mtn Baptist Church 1/or Any Vote Center,1138 Crow Mtn Rd,,,Russellville,AR,72802,
Pope,GE2020,11/3/2020 00:00:00,Dover First Baptist Church/or Any Vote Center,143 SR 164E,,,Dover,AR,72837,
Pope,GE2020,11/3/2020 00:00:00,Hector Assembly of God 1/or Any Vote Ctr.,11421 SR 27,,,Hector,AR,72843,
Pope,GE2020,11/3/2020 00:00:00,London Old City Hall/or Any Vote Center,8347 SR 333,,,London,AR,72847,
Pope,GE2020,11/3/2020 00:00:00,Pope Co Elec. Headquarters 1/or Any Vote Ctr.,"1509 East Main Street, Suite 7",,,Russellville,AR,72801,
Pope,GE2020,11/3/2020 00:00:00,Pottsville First Baptist Church 1/or Any Vote Ctr.,5390 West Ash,,,Pottsville,AR,72858,
Pope,GE2020,11/3/2020 00:00:00,W J Mathews Civic Center 1/or Any Vote Center,108 W. Main St.,,,Atkins,AR,72823,
Prairie,GE2020,11/3/2020 00:00:00,Biscoe Fire Dept,285 Broad St.,,,Biscoe,AR,72017,
Prairie,GE2020,11/3/2020 00:00:00,Devalls Bluff City Court Room,977 East Cypress,,,Devalls Bluff,AR,72041,
Prairie,GE2020,11/3/2020 00:00:00,Hazen Community Center,986 East Front St,,,Hazen,AR,72064,
Prairie,GE2020,11/3/2020 00:00:00,Hickory Plains Methodist Church- HP/Bullard,9952 Hwy 13 N,,,Hickory Plains,AR,72066,
Prairie,GE2020,11/3/2020 00:00:00,Methodist Church- Des Arc,605 Erwin Street,,,Des Arc,AR,72040,
Prairie,GE2020,11/3/2020 00:00:00,Northside Community Bldg - Des Arc Twp.,17769 Hwy 11 N,,,Griffithville,AR,72060,
Prairie,GE2020,11/3/2020 00:00:00,Prairie County Fairgrounds,4133 Hwy 249 N,,,Hazen,AR,72064,
Prairie,GE2020,11/3/2020 00:00:00,Sand Hill Fire Dept.,13930 Sand Hill Rd.,,,Des Arc,AR,72040,
Prairie,GE2020,11/3/2020 00:00:00,Slovak Parish - State Rep. 14,1852 Hwy 86 W,,,Stuttgart,AR,72160,
Prairie,GE2020,11/3/2020 00:00:00,Slovak Parish Hall,1852 Hwy. 86 W,,,Stuttgart,AR,72160,
Prairie,GE2020,11/3/2020 00:00:00,Ulm Community Building,187 S. Main St,,,Ulm,AR,72170,
Pulaski,GE2020,11/3/2020 00:00:00,Absentee,401 W. Markham,,,Little Rock,AR,72201,
Pulaski,GE2020,11/3/2020 00:00:00,All Souls Church,4601 Walkers Corner Rd,,,Scott,AR,72142,
Pulaski,GE2020,11/3/2020 00:00:00,Arch Street Volunteer Fire Dept.,15923 Arch St,,,Little Rock,AR,72206,
Pulaski,GE2020,11/3/2020 00:00:00,Asbury Umc,1700 Napa Valley Dr,,,Little Rock,AR,72212,
Pulaski,GE2020,11/3/2020 00:00:00,Bayou Meto Baptist Church,26200 Hwy 107,,,Jacksonville,AR,72076,
Pulaski,GE2020,11/3/2020 00:00:00,Berea Baptist Church,104 East Valentine Rd,,,Jacksonville,AR,72076,
Pulaski,GE2020,11/3/2020 00:00:00,Bethel Baptist,112 N Jeff Davis St,,,Jacksonville,AR,72076,
Pulaski,GE2020,11/3/2020 00:00:00,Brady Masonic Lodge,11805 Hinson Rd,,,Little Rock,AR,72212,
Pulaski,GE2020,11/3/2020 00:00:00,Brockington Road Church Of The Nazarene,9860 Brockington Rd,,,Sherwood,AR,72120,
Pulaski,GE2020,11/3/2020 00:00:00,Bullock Temple Church,1513 S Park St,,,Little Rock,AR,72202,
Pulaski,GE2020,11/3/2020 00:00:00,C.A. Vines 4-H Center,1 Four-H Way,,,Little Rock,AR,72223,
Pulaski,GE2020,11/3/2020 00:00:00,Calvary Baptist Church in the Heights,5700 Cantrell Rd,,,Little Rock,AR,72207,
Pulaski,GE2020,11/3/2020 00:00:00,Cammack Village City Hall,2710 N Mckinley St,,,Little Rock,AR,72207,
Pulaski,GE2020,11/3/2020 00:00:00,Central Baptist Church,5200 Fairway Ave,,,North Little Rock,AR,72116,
Pulaski,GE2020,11/3/2020 00:00:00,Chenal Valley Baptist Church,1800 Rahling Rd,,,Little Rock,AR,72223,
Pulaski,GE2020,11/3/2020 00:00:00,Community Christian Church of Maumelle,4001 Club Manor Dr,,,Maumelle,AR,72113,
Pulaski,GE2020,11/3/2020 00:00:00,Cooperative Extention Service,2901 W Roosevelt Rd,,,Little Rock,AR,72204,
Pulaski,GE2020,11/3/2020 00:00:00,Cornerstone Bible Fellowship Church,7351 Warden Rd,,,Sherwood,AR,72120,
Pulaski,GE2020,11/3/2020 00:00:00,Crystal Hill Baptist Church,18824 Crystal Valley Rd,,,Little Rock,AR,72210,
Pulaski,GE2020,11/3/2020 00:00:00,Dunbar Recreation Center,1001 W 16th St,,,Little Rock,AR,72202,
Pulaski,GE2020,11/3/2020 00:00:00,Duran Youth Center,508 Sherwood Ave,,,Sherwood,AR,72120,
Pulaski,GE2020,11/3/2020 00:00:00,Faith Lutheran Church,7525 W Markham St,,,Little Rock,AR,72205,
Pulaski,GE2020,11/3/2020 00:00:00,Faith Umc,9820 W Markham St,,,Little Rock,AR,72205,
Pulaski,GE2020,11/3/2020 00:00:00,First Baptist Church Of Jacksonville,401 N 1st St,,,Jacksonville,AR,72076,
Pulaski,GE2020,11/3/2020 00:00:00,First Baptist Church of Sherwood,701 Country Club,,,Sherwood,AR,72120,
Pulaski,GE2020,11/3/2020 00:00:00,First Church Of The Nazarene,1200 N Mississippi St,,,Little Rock,AR,72207,
Pulaski,GE2020,11/3/2020 00:00:00,First Missionary Baptist Church,10300 Mabelvale West Rd,,,Mabelvale,AR,72103,
Pulaski,GE2020,11/3/2020 00:00:00,First United Methodist (Maumelle),1201 Edgewood Dr,,,Maumelle,AR,72113,
Pulaski,GE2020,11/3/2020 00:00:00,Geyer Springs United Methodist,5500 Geyer Springs Rd,,,Little Rock,AR,72209,
Pulaski,GE2020,11/3/2020 00:00:00,Glenview Community Center,4800 E. 19th St.,,,North Little Rock,AR,72114,
Pulaski,GE2020,11/3/2020 00:00:00,Grace Church,12900 Cantrell Rd,,,Little Rock,AR,72223,
Pulaski,GE2020,11/3/2020 00:00:00,Grace Presbyterian Church,9301 N Rodney Parham Rd,,,Little Rock,AR,72227,
Pulaski,GE2020,11/3/2020 00:00:00,Graves Memorial Baptist Church,4617 Oak Grove Road,,,North Little Rock,AR,72118,
Pulaski,GE2020,11/3/2020 00:00:00,Greater Archview Baptist,1720 W 23rd St,,,Little Rock,AR,72206,
Pulaski,GE2020,11/3/2020 00:00:00,Greater Christ Temple Pentecostal Church,1200 Lewis St,,,Little Rock,AR,72204,
Pulaski,GE2020,11/3/2020 00:00:00,Greater New Bibleway Church,1217 W 22nd St,,,North Little Rock,AR,72114,
Pulaski,GE2020,11/3/2020 00:00:00,Hampton Inn Maumelle,11920 Maumelle Blvd,,,Maumelle,AR,72113,
Pulaski,GE2020,11/3/2020 00:00:00,Harris Elementary,4424 Highway 161,,,North Little Rock,AR,72117,
Pulaski,GE2020,11/3/2020 00:00:00,Henderson UMC,13000 W Baseline Rd,,,Little Rock,AR,72210,
Pulaski,GE2020,11/3/2020 00:00:00,Highland Valley UMC,15524 Chenal Pkwy,,,Little Rock,AR,72211,
Pulaski,GE2020,11/3/2020 00:00:00,Historic Arkansas Museum,200 E. 3rd St.,,,Little Rock,AR,72201,
Pulaski,GE2020,11/3/2020 00:00:00,Iglesia Bautista Nueva Jerusalen,9400 Colonel Glenn Rd,,,Little Rock,AR,72204,
Pulaski,GE2020,11/3/2020 00:00:00,Immaculate Heart of Mary,7025 Jasna Gora Dr,,,North Little Rock,AR,72118,
Pulaski,GE2020,11/3/2020 00:00:00,Immanuel Baptist Church,501 N. Shackleford Rd,,,Little Rock,AR,72211,
Pulaski,GE2020,11/3/2020 00:00:00,Indianhead Lake Baptist Church,8601 Indianhead Dr,,,Sherwood,AR,72120,
Pulaski,GE2020,11/3/2020 00:00:00,Jacksonville Senior Center,100 Victory Cir,,,Jacksonville,AR,72076,
Pulaski,GE2020,11/3/2020 00:00:00,Jess Odom Community Center,1100 Edgewood Dr,,,Maumelle,AR,72113,
Pulaski,GE2020,11/3/2020 00:00:00,Kellogg Valley Baptist Church,9516 Bamboo Lane,,,North Little Rock,AR,72120,
Pulaski,GE2020,11/3/2020 00:00:00,Lake Maumelle Volunteer F.D.,20720 Clay St,,,Roland,AR,72135,
Pulaski,GE2020,11/3/2020 00:00:00,Lakewood United Methodist Church,1922 Topf Rd,,,North Little Rock,AR,72116,
Pulaski,GE2020,11/3/2020 00:00:00,Levy Baptist Church,3501 Pike Avenue,,,North Little Rock,AR,72118,
Pulaski,GE2020,11/3/2020 00:00:00,Levy Church of Christ,5124 Camp Robinson Rd,,,North Little Rock,AR,72116,
Pulaski,GE2020,11/3/2020 00:00:00,Life Line Baptist Church,7601 Baseline Rd,,,Little Rock,AR,72209,
Pulaski,GE2020,11/3/2020 00:00:00,Little Rock Adult Ed. Center,4800 W 26th St,,,Little Rock,AR,72204,
Pulaski,GE2020,11/3/2020 00:00:00,Little Rock First Baptist Church,62 Pleasant Valley Dr,,,Little Rock,AR,72212,
Pulaski,GE2020,11/3/2020 00:00:00,Little Rock Port Authority,10600 Industrial Harbor,,,Little Rock,AR,72206,
Pulaski,GE2020,11/3/2020 00:00:00,Maple Place Activity Ctr,2500 Willow St,#102,,North Little Rock,AR,72114,
Pulaski,GE2020,11/3/2020 00:00:00,Martindale Baptist Church,18900 E. Colonel Glenn Rd,,,Little Rock,AR,72210,
Pulaski,GE2020,11/3/2020 00:00:00,McArthur Assembly of God,3501 John Harden Dr,,,Jacksonville,AR,72076,
Pulaski,GE2020,11/3/2020 00:00:00,Metropolitan Career Center,7701 Scott Hamilton Dr,,,Little Rock,AR,72209,
Pulaski,GE2020,11/3/2020 00:00:00,Mills Middle School,1205 E Dixon Rd,,,Little Rock,AR,72206,
Pulaski,GE2020,11/3/2020 00:00:00,Moody Chapel A.M.E. Church,5630 Mabelvale Pike,,,Little Rock,AR,72209,
Pulaski,GE2020,11/3/2020 00:00:00,Nathaniel Hill Comm. Complex,2500 E 6th St,,,Little Rock,AR,72202,
Pulaski,GE2020,11/3/2020 00:00:00,New Haven United Methodist,26616 Highway 365 S,,,Hensley,AR,72065,
Pulaski,GE2020,11/3/2020 00:00:00,North Heights Recreation Center,4801 Allen St,,,North Little Rock,AR,72118,
Pulaski,GE2020,11/3/2020 00:00:00,North Little Rock City Hall,300 Main St,,,North Little Rock,AR,72114,
Pulaski,GE2020,11/3/2020 00:00:00,North View Missionary,6801 JFK Blvd,,,North Little Rock,AR,72116,
Pulaski,GE2020,11/3/2020 00:00:00,Oley E. Rooker Library,11 Otter Creek Ct.,,,Little Rock,AR,72210,
Pulaski,GE2020,11/3/2020 00:00:00,Park Hill Christian,4400 JFK Blvd,,,North Little Rock,AR,72116,
Pulaski,GE2020,11/3/2020 00:00:00,Parkway Place Baptist Church,300 Parkway Place Dr,,,Little Rock,AR,72211,
Pulaski,GE2020,11/3/2020 00:00:00,Pilgrim Rest Baptist Church (Col. Glenn),23908 Colonel Glenn Rd,,,Little Rock,AR,72210,
Pulaski,GE2020,11/3/2020 00:00:00,Pilgrim Rest Baptist Church (Springer Blvd),3801 Springer Blvd,,,Little Rock,AR,72206,
Pulaski,GE2020,11/3/2020 00:00:00,Pleasant Valley Church Of Christ,10900 N Rodney Parham Rd,,,Little Rock,AR,72212,
Pulaski,GE2020,11/3/2020 00:00:00,Pulaski Heights Umc,4823 Woodlawn Dr,,,Little Rock,AR,72205,
Pulaski,GE2020,11/3/2020 00:00:00,Second Baptist Church,1709 John Barrow Rd,,,Little Rock,AR,72204,
Pulaski,GE2020,11/3/2020 00:00:00,Second Presbyterian Church,600 Pleasant Valley Dr,,,Little Rock,AR,72227,
Pulaski,GE2020,11/3/2020 00:00:00,Shepherd of the Hills Lutheran,5900 JFK Blvd,,,North Little Rock,AR,72116,
Pulaski,GE2020,11/3/2020 00:00:00,Sherman Park Community Ctr.,624 N Beech St,,,North Little Rock,AR,72114,
Pulaski,GE2020,11/3/2020 00:00:00,Southside Church of Christ,9300 Geyer Springs Rd,,,Little Rock,AR,72209,
Pulaski,GE2020,11/3/2020 00:00:00,St. Anne Parish Hall,6150 Remount Rd,,,North Little Rock,AR,72118,
Pulaski,GE2020,11/3/2020 00:00:00,St. James UMC,321 Pleasant Valley Dr,,,Little Rock,AR,72212,
Pulaski,GE2020,11/3/2020 00:00:00,St. John Vision Center,2701 S Main St,,,Little Rock,AR,72206,
Pulaski,GE2020,11/3/2020 00:00:00,St. Jude The Apostle Catholic Church,2403 Macarthur Dr,,,Jacksonville,AR,72076,
Pulaski,GE2020,11/3/2020 00:00:00,St. Luke UMC,6401 W 32nd St,,,Little Rock,AR,72204,
Pulaski,GE2020,11/3/2020 00:00:00,St. Margarets Episcopal Church,20900 Chenal Parkway,,,Little Rock,AR,72223,
Pulaski,GE2020,11/3/2020 00:00:00,St. Mark Baptist Church,5722 W. 12th St.,,,Little Rock,AR,72204,
Pulaski,GE2020,11/3/2020 00:00:00,St. Mark's Episcopal,1000 N Mississippi St,,,Little Rock,AR,72207,
Pulaski,GE2020,11/3/2020 00:00:00,St. Michael's Episcopal Church,12415 Cantrell Road,,,Little Rock,AR,72223,
Pulaski,GE2020,11/3/2020 00:00:00,St. Paul UMC,2223 Durwood Rd,,,"Little Rock, Ar",AR,72207,
Pulaski,GE2020,11/3/2020 00:00:00,St. Peter Missionary Baptist,3518 W. 7th St.,,,Little Rock,AR,72205,
Pulaski,GE2020,11/3/2020 00:00:00,St. Stephen's Episcopal Church,2413 Northeastern Ave,,,Jacksonville,AR,72076,
Pulaski,GE2020,11/3/2020 00:00:00,St. Theresa's Catholic Church,6219 Baseline Rd,,,Little Rock,AR,72209,
Pulaski,GE2020,11/3/2020 00:00:00,Sylvan Hills Community Church,8019 Highway 107,,,Sherwood,AR,72120,
Pulaski,GE2020,11/3/2020 00:00:00,Sylvan Hills UMC,9921 Sylvan Hills Highway,,,Sherwood,AR,72120,
Pulaski,GE2020,11/3/2020 00:00:00,Temple B'nai Israel,3700 N Rodney Parham Rd,,,Little Rock,AR,72212,
Pulaski,GE2020,11/3/2020 00:00:00,Temple Of Restoration,10610 Chicot Rd,,,Little Rock,AR,72103,
Pulaski,GE2020,11/3/2020 00:00:00,The Connection Church of Sherwood,14322 Highway 107,,,Jacksonville,AR,72076,
Pulaski,GE2020,11/3/2020 00:00:00,Trinity Lutheran,3802 N Olive St,,,North Little Rock,AR,72116,
Pulaski,GE2020,11/3/2020 00:00:00,Unitarian Universalist Church,1818 Reservoir Rd,,,Little Rock,AR,72227,
Pulaski,GE2020,11/3/2020 00:00:00,W.W. Williams Northwest Patrol,10001 Kanis Rd,,,Little Rock,AR,72205,
Pulaski,GE2020,11/3/2020 00:00:00,West Side Baptist Church,2715 W 7th St,,,Little Rock,AR,72205,
Pulaski,GE2020,11/3/2020 00:00:00,Western Hills United Methodist Church,4601 Western Hills Ave,,,Little Rock,AR,72204,
Pulaski,GE2020,11/3/2020 00:00:00,Wilma J. Walker Civic Center,4200 Frazier Pike,,,College Station,AR,72053,
Pulaski,GE2020,11/3/2020 00:00:00,Winfield UMC,20100 Cantrell Rd,,,Little Rock,AR,72223,
Pulaski,GE2020,11/3/2020 00:00:00,Woodlawn Baptist Church,5520 Woodlawn Dr,,,Little Rock,AR,72205,
Pulaski,GE2020,11/3/2020 00:00:00,Wrightsville City Hall,13022 Highway 365,,,Wrightsville,AR,72206,
Randolph,GE2020,11/3/2020 00:00:00,Biggers City Hall,106 E Graham,,,Biggers,AR,72413,
Randolph,GE2020,11/3/2020 00:00:00,Dalton Fire Station,5939 Hwy 93,,,Pocahontas,AR,72455,
Randolph,GE2020,11/3/2020 00:00:00,Gravesville Church,9070 Hwy 90W,,,Pocahontas,AR,72455,
Randolph,GE2020,11/3/2020 00:00:00,Maynard Fire Station,474 Hwy 328W,,,Maynard,AR,72444,
Randolph,GE2020,11/3/2020 00:00:00,Oak Grove Baptist Church,3715 Hwy 251,,,Pocahontas,AR,72455,
Randolph,GE2020,11/3/2020 00:00:00,Okean Community Building,224 Main St Extended,,,Okean,AR,72449,
Randolph,GE2020,11/3/2020 00:00:00,Randolph Co Development Center Brtc,1410 Hwy 304E,,,Pocahontas,AR,72455,
Randolph,GE2020,11/3/2020 00:00:00,Ravenden Springs Fire Station,143 Upper Janes Creek,,,Ravenden Spgs,AR,72460,
Randolph,GE2020,11/3/2020 00:00:00,Reyno Community Building,6790 Biggers-Reyno Rd,,,Reyno,AR,72462,
Randolph,GE2020,11/3/2020 00:00:00,St Johns Parish Hall,4650 Engelberg Rd,,,Pocahontas,AR,72455,
Randolph,GE2020,11/3/2020 00:00:00,Stokes Church Of Christ,8139 Hwy 115,,,Pocahontas,AR,72455,
Randolph,GE2020,11/3/2020 00:00:00,Sutton Freewill Baptist Church,5421 Hwy 62W,,,Pocahontas,AR,72455,
Randolph,GE2020,11/3/2020 00:00:00,Warm Springs Fire Station,13483 Hwy 251,,,Warm Springs,AR,72478,
Randolph,GE2020,11/3/2020 00:00:00,Water Valley Fire Station,855 Water Valley Rd,,,Imboden,AR,72434,
Saline,GE2020,11/3/2020 00:00:00,Any Vote Center,,,,,,,
Scott,GE2020,11/3/2020 00:00:00,01- Mansfield Fire Dept,200 N. Sebascott Ave. Mansfield AR 72944,,,,AR,,
Scott,GE2020,11/3/2020 00:00:00,02-Packsaddle Church,9865 Hwy 71 North,,,Waldron,AR,72958,
Scott,GE2020,11/3/2020 00:00:00,03- Blue Ball Vfd,30156 Freedom Gap Rd.,,,Danville,AR,72833,
Scott,GE2020,11/3/2020 00:00:00,04- Harvey Nola Fire Dept,28600 E Hwy 28,,,Gravelly,AR,72838,
Scott,GE2020,11/3/2020 00:00:00,05- Parks Community Center,11021 Lynnwood Loop,,,Parks,AR,72950,
Scott,GE2020,11/3/2020 00:00:00,06-Solid Rock Pentecostal Church,19075 Hwy 71 S,,,Boles,AR,72926,
Scott,GE2020,11/3/2020 00:00:00,07-Blackfork Fire Station,34655 Blackfork Trail,,,Mena,AR,71953,
Scott,GE2020,11/3/2020 00:00:00,08- First Baptist Church,West 6th Street,,,Waldron,AR,72958,
Scott,GE2020,11/3/2020 00:00:00,09- Winfield Church,9768 W Hwy 248,,,Waldron,AR,72958,
Scott,GE2020,11/3/2020 00:00:00,10- Bates Baptist Church,,,,Waldron,AR,72958,
Scott,GE2020,11/3/2020 00:00:00,11- Nella VFD,16692 Nella RD,,,Mena,AR,72953,
Scott,GE2020,11/3/2020 00:00:00,12- Greenridge Community Center,8539 Greenridge Rd,,,Waldron,AR,72958,
Scott,GE2020,11/3/2020 00:00:00,Scott County Courthouse,190 W First St,,Po Box 2165,Waldron,AR,72958,
Searcy,GE2020,11/3/2020 00:00:00,Dongola Church/Bear Creek Community Bldg,3281 W. Hwy 74,10889 S. Hwy 27,,Marshall,AR,72650,
Searcy,GE2020,11/3/2020 00:00:00,Leslie Community Building,409 Cypress St,,,Leslie,AR,72645,
Searcy,GE2020,11/3/2020 00:00:00,Marshall Civic Center,515 Zack Rd,,,Marshall,AR,72650,
Searcy,GE2020,11/3/2020 00:00:00,New Landis Fire Station,9820 E. Hwy 74,,,Marshall,AR,72650,
Searcy,GE2020,11/3/2020 00:00:00,Rock Creek Fire Station,3511 W. Hwy 14,,,Harriet,AR,72639,
Searcy,GE2020,11/3/2020 00:00:00,St. Joe Community Building,101 FIRST STREET,,,St Joe,AR,72675,
Searcy,GE2020,11/3/2020 00:00:00,Witt Springs School/Welcome Home Fire Station,10751 Hwy 377,17722 S. Hwy 27 Witts Springs,,Witts Springs,AR,72686,
Sebastian,GE2020,11/3/2020 00:00:00,V C 001 Grand Avenue Baptist Church,3900 Grand,,,Fort Smith,AR,72904,
Sebastian,GE2020,11/3/2020 00:00:00,V C 003 St Luke Lutheran Church,5401 Free Ferry,,,Fort Smith,AR,72903,
Sebastian,GE2020,11/3/2020 00:00:00,V C 005 Creekmore Park Recreation Bldg,3301 S M St,,,Fort Smith,AR,72903,
Sebastian,GE2020,11/3/2020 00:00:00,V C 006 St Bartholomew,2701 Old Greenwood Rd,,,Fort Smith,AR,72903,
Sebastian,GE2020,11/3/2020 00:00:00,V C 009 St Johns Episcopal Church,215 N 6th St,,,Fort Smith,AR,72901,
Sebastian,GE2020,11/3/2020 00:00:00,V C 010 Nelson Hall - Beckman Center,2100 N 31st St,,,Fort Smith,AR,72904,
Sebastian,GE2020,11/3/2020 00:00:00,V C 011 Ft Smith Library - Windsor Branch,4701 Windsor Dr,,,Fort Smith,AR,72904,
Sebastian,GE2020,11/3/2020 00:00:00,V C 012 Ramsey Jr High Tornado Shelter,3201 Jenny Lind Rd,,,Fort Smith,AR,,
Sebastian,GE2020,11/3/2020 00:00:00,V C 014 Orr Elem. School Tornado Shelter,3609 Phoenix,,,Fort Smith,AR,72903,
Sebastian,GE2020,11/3/2020 00:00:00,V C 015 Southside Senior Center,2700 Cavanaugh Rd,,,Fort Smith,AR,72908,
Sebastian,GE2020,11/3/2020 00:00:00,V C 017 Forefront Church ( Fianna Hills Baptist),10300 Jenny Lind,,,Fort Smith,AR,72908,
Sebastian,GE2020,11/3/2020 00:00:00,V C 018 East Side Baptist Church,2710 Massard Rd,,,Fort Smith,AR,72903,
Sebastian,GE2020,11/3/2020 00:00:00,V C 019 Cliff Terrace Assembly of God,3301 S 66th St,,,Fort Smith,AR,72903,
Sebastian,GE2020,11/3/2020 00:00:00,V C 020 Ben Geren Tornado Shelter,7200 Zero,,,Fort Smith,AR,72903,
Sebastian,GE2020,11/3/2020 00:00:00,V C 021 Rye Hill Baptist Church,11512 Old Hwy 71 S,,,Fort Smith,AR,72916,
Sebastian,GE2020,11/3/2020 00:00:00,V C 022 Sacred Heart of Mary Church,1301 Frank St,,,Barling,AR,72923,
Sebastian,GE2020,11/3/2020 00:00:00,V C 024 Grace Lutheran Church,18218 Hwy 71 S,,,Greenwood,AR,72396,
Sebastian,GE2020,11/3/2020 00:00:00,V C 025 Union Baptist Church,8300 No Hwy 252,,,Lavaca,AR,72941,
Sebastian,GE2020,11/3/2020 00:00:00,V C 026 Lavaca First Baptist Church,300 Main St,,,Lavaca,AR,72941,
Sebastian,GE2020,11/3/2020 00:00:00,V C 027 Cornerstone Freewill Baptist,29201 AR 22,,,Charleston,AR,72933,
Sebastian,GE2020,11/3/2020 00:00:00,V C 028 Greenwood City Hall,30 Bell Rd,,,Greenwood,AR,72936,
Sebastian,GE2020,11/3/2020 00:00:00,V C 029 Hackett Fire Center,205 Hwy 10 SW,,,Hackett,AR,72937,
Sebastian,GE2020,11/3/2020 00:00:00,V C 030 Huntington City Hall,223 East Broadway,,,Huntington,AR,72940,
Sebastian,GE2020,11/3/2020 00:00:00,V C 032 Midland City Hall,102 N 3rd St,,,Midland,AR,72945,
Sebastian,GE2020,11/3/2020 00:00:00,V C 033 Bonanza Assembly of God,701 McConnell,,,Bonanza,AR,72916,
Sebastian,GE2020,11/3/2020 00:00:00,"V C 034 First Southern Baptist, Central City",12 West Central Ave,,,Central City,AR,72941,
Sebastian,GE2020,11/3/2020 00:00:00,V C 035 Witcherville Community Building,18 Buckner Way,,,Huntington,AR,72940,
Sebastian,GE2020,11/3/2020 00:00:00,V C 037 Milltown/washburn Fire Department,6573 E Hwy 252,,,Greenwood,AR,72936,
Sebastian,GE2020,11/3/2020 00:00:00,V C 038 Mansfield City Hall,200 N Sebascott,,,Mansfield,AR,72944,
Sebastian,GE2020,11/3/2020 00:00:00,V C American Legion,4901 Midland Blvd,,,Fort Smith,AR,72904,
Sebastian,GE2020,11/3/2020 00:00:00,V C Elm Grove Community Center,1901 N Greenwood Ave,,,Fort Smith,AR,72904,
Sebastian,GE2020,11/3/2020 00:00:00,V C Hartford Fire Center,201 S Broadway,,,Hartford,AR,,
Sevier,GE2020,11/3/2020 00:00:00,Vote Ctr 1 D Q C C,De Queen Church of Christ,1301 W Collin Raye Drive,,De Queen,AR,71832,
Sevier,GE2020,11/3/2020 00:00:00,Vote Ctr 2 D Q Com Bldg,De Queen Community Bldg,Herman Dierks Park,506 E Haes,De Queen,AR,71832,
Sevier,GE2020,11/3/2020 00:00:00,Vote Ctr 4 D Q M E Co-Op,De Queen Mena Educational Co-Op,305 S Hornberg,,Gillham,AR,71841,
Sevier,GE2020,11/3/2020 00:00:00,Vote Ctr 6 Lockesburg,Lockesburg United Methodist Church,114 Valley Drive,,Lockesburg,AR,71846,
Sevier,GE2020,11/3/2020 00:00:00,Vote Ctr 7 Ben Lomond,Ben Lomond Community Bldg,448 Wilson Creek Road,,Ben Lomond,AR,71823,
Sevier,GE2020,11/3/2020 00:00:00,Vote Ctr 9 Horatio,J L Walker Fellowship Hall,602 Hazard,,Horatio,AR,71842,
Sharp,GE2020,11/3/2020 00:00:00,Ash Flat VC,Sharp County Courthouse,718 Ash Flat Dr,,Ash Flat,AR,72513,
Sharp,GE2020,11/3/2020 00:00:00,Cave City VC,Community Center Cave City,120 E Center St,,Cave City,AR,72521,
Sharp,GE2020,11/3/2020 00:00:00,Cherokee VC,City Hall Cherokee Village,2 Santee Dr,,Cherokee Village,AR,72529,
Sharp,GE2020,11/3/2020 00:00:00,Evening Shade VC,Faith Assembly of God Church,2186 Hwy 167,,Evening Shade,AR,72532,
Sharp,GE2020,11/3/2020 00:00:00,Hardy VC,Hardy Civic Center,301 W Main St,,Hardy,AR,72542,
Sharp,GE2020,11/3/2020 00:00:00,Highland VC,Highland City Hall,1662 Hwy 62/412,,Hardy,AR,72542,
Sharp,GE2020,11/3/2020 00:00:00,Poughkeepsie VC,Poughkeepsie Fire Department,4099 Ar Hwy 58,,Poughkeepsie,AR,72569,
Sharp,GE2020,11/3/2020 00:00:00,Williford VC,Williford Fire Station,302 N School St,,Williford,AR,72482,
Sharp,GE2020,11/3/2020 00:00:00,Wirth VC,Wirth Fire Station,2082 Hwy 175,,Mammoth Spring,AR,72554,
St Francis,GE2020,11/3/2020 00:00:00,Caldwell Fire Department,4971 HWY 1,,,Caldwell,AR,72322,
St Francis,GE2020,11/3/2020 00:00:00,Colt Cummunity Center,303 OLD MILITARY ROAD,,,Colt,AR,72326,
St Francis,GE2020,11/3/2020 00:00:00,Courthouse,313 S IZARD,,,Forrest City,AR,72336,
St Francis,GE2020,11/3/2020 00:00:00,Cumberland Presbyterian Church,117 E Wood St,,,Palestine,AR,72372,
St Francis,GE2020,11/3/2020 00:00:00,Forrest City Civic Center W3,FORREST CITY CIVIC CENTER,1335 N WASHINGTON,,Forrest City,AR,72335,
St Francis,GE2020,11/3/2020 00:00:00,Forrest City Country West - Civic Center,,,,,AR,,
St Francis,GE2020,11/3/2020 00:00:00,Hughes Community Center,202 N BROADWAY,,,Hughes,AR,72348,
St Francis,GE2020,11/3/2020 00:00:00,Kountry Kitchen,3212 HWY 1 SOUTH,,,Forrest City,AR,72335,
St Francis,GE2020,11/3/2020 00:00:00,Lane Chapel,821 W Scott,,,Forrest City,AR,72335,
St Francis,GE2020,11/3/2020 00:00:00,Madison Community Center,302 MARTIN LUTHER KING,,,Madison,AR,72359,
St Francis,GE2020,11/3/2020 00:00:00,Oak Hill Church of God Family Center,97 SFC 309,,,Forrest City,AR,72335,
St Francis,GE2020,11/3/2020 00:00:00,Palestine City Hall Court Room,,,,,AR,,
St Francis,GE2020,11/3/2020 00:00:00,Salem MB Church W2,,105 Haven St,,Forrest City,AR,72335,
St Francis,GE2020,11/3/2020 00:00:00,Shell Lake Baptist Church,261 HWY 149,,,Heth,AR,72346,
St Francis,GE2020,11/3/2020 00:00:00,W4 United Methodist Church Activities Center,,,,Forrest City,AR,72335,
St Francis,GE2020,11/3/2020 00:00:00,Wheatley Civic Center,934 8TH STREET,,,Wheatley,AS,72392,
St Francis,GE2020,11/3/2020 00:00:00,Widener Comunity Center,200 E MAIN,,,Widener,AR,72394,
Stone,GE2020,11/3/2020 00:00:00,Arbanna Baptist Church,7554 Highway 5,,,Mountain View,AR,72560,
Stone,GE2020,11/3/2020 00:00:00,Dodd Mtn V.F.D. #3,16145 Highway 9,,,Mountain View,AR,72560,
Stone,GE2020,11/3/2020 00:00:00,Fairgrounds New Build.,216 Warren St.,,,Mountain View,AR,72560,
Stone,GE2020,11/3/2020 00:00:00,Fifty Six Community Center,5431  Mitchell Rd.,,,Fifty Six,AR,72533,
Stone,GE2020,11/3/2020 00:00:00,Foothills Baptist Church 1,19935 Highway 5,,,Mountain View,AR,72560,
Stone,GE2020,11/3/2020 00:00:00,Foothills Baptist Church 2,19935 Hwy 5,,,Mountain View,AR,72560,
Stone,GE2020,11/3/2020 00:00:00,Fox Community Bldg.,16262 Highway 263 South,,,Fox,AR,72051,
Stone,GE2020,11/3/2020 00:00:00,Pleasant Grove Community Center,27949 Highway 14,,,Pleasant Grove,AR,72567,
Stone,GE2020,11/3/2020 00:00:00,Timbo Valley Assembly of God Church,7700 Highway 66,,,Timbo,AR,72680,
Union,GE2020,11/3/2020 00:00:00,Activities Bldg Fairgrounds,1432 E. 19th,,,El Dorado,AR,71730,
Union,GE2020,11/3/2020 00:00:00,Calion Community Ceter,159 N HOOVER,,,Calion,AR,71724,
Union,GE2020,11/3/2020 00:00:00,Felsenthal Town Hall,1000 South 3 rd,,,Felsenthal,AR,71747,
Union,GE2020,11/3/2020 00:00:00,First United Methodist Church,C/o Rev. O.D. Turner,500 W. 7th,,Smackover,AR,71762,
Union,GE2020,11/3/2020 00:00:00,Hillsboro St Church Of Christ,1322 W. Hillsboro,,,El Dorado,AR,71730,
Union,GE2020,11/3/2020 00:00:00,Huttig Community Center,501 Frost St,,,Huttig,AR,71747,
Union,GE2020,11/3/2020 00:00:00,Junction City - City Hall,207 N. Main,,,Junction City,AR,71749,
Union,GE2020,11/3/2020 00:00:00,Lawson Fire Department,C/O Dewayne Worth,140 McCall,,El Dorado,AR,71730,
Union,GE2020,11/3/2020 00:00:00,Mount Union Church,653 Mt. Union Rd,,,El Dorado,AR,71730,
Union,GE2020,11/3/2020 00:00:00,Mount Union Church - Co - 2,653 Mt. Union,,,El Dorado,AR,71730,
Union,GE2020,11/3/2020 00:00:00,Mt Holly Community Church,2935 stephens hwy,,,Mt Holly,AR,71758,
Union,GE2020,11/3/2020 00:00:00,Municipal Auditorium,100 W. 8th,,,El Dorado,AR,71730,
Union,GE2020,11/3/2020 00:00:00,Norphlet City Hall,101  E. Padget,,,Norphlet,AR,71759,
Union,GE2020,11/3/2020 00:00:00,Parkers Chapel Baptist Church,2975 Haynesville Hwy,,,El Dorado,AR,71730,
Union,GE2020,11/3/2020 00:00:00,South Ark Comm College - East,3696 E. Main,,,El Dorado,AR,71730,
Union,GE2020,11/3/2020 00:00:00,South Ark Comm College - East Co - 1,3696 E. Main,,,El Dorado,AR,71730,
Union,GE2020,11/3/2020 00:00:00,South Ark Comm College - East Co - 7,3696 E. Main,,,El Dorado,AR,71730,
Union,GE2020,11/3/2020 00:00:00,St James Bapt Church,608 South MLK Jr. Blvd,,,El Dorado,AR,,
Union,GE2020,11/3/2020 00:00:00,Strong Community Center,9400 Strong Hwy,,,Strong,AR,71765,
Union,GE2020,11/3/2020 00:00:00,Three Creeks Bapt Church,8914 Haynesville Hwy,,,Junction City,AR,71749,
Union,GE2020,11/3/2020 00:00:00,Three Creeks Baptist Church,8914 Haynesville Hwy,,,Junction City,AR,71749,
Union,GE2020,11/3/2020 00:00:00,Union Bapt Church,144 Crain City Rd,,,El Dorado,AR,71730,
Union,GE2020,11/3/2020 00:00:00,Wyatt Baptist Church,4621 W. Hillsboro,,,El Dorado,AR,71730,
Union,GE2020,11/3/2020 00:00:00,Wyatt Baptist Church - Co -4,4621 w. Hillsboro,,,,AR,,
Van Buren,GE2020,11/3/2020 00:00:00,Bee Branch Fire Department Vote Center,11214 Hwy 65 South,,,Bee Branch,AR,72013,
Van Buren,GE2020,11/3/2020 00:00:00,Dennard Fire Department Vote Center,13774 Hwy 65 North,,,Dennard,AR,72629,
Van Buren,GE2020,11/3/2020 00:00:00,Fairfield Bay Baptist Church Vote Center,481 Dave Creek Pkwy,,,Fairfield Bay,AR,72088,
Van Buren,GE2020,11/3/2020 00:00:00,Van Buren County Library Vote Center,289 Factory Road,,,Clinton,AR,72031,
Washington,GE2020,11/3/2020 00:00:00,1st Church Of Nazarene At 40th And Chapman,2300 S 40th St,,,Springdale,AR,72762,
Washington,GE2020,11/3/2020 00:00:00,Archer Learning Center,600 Ash St,,,Springdale,AR,72764,
Washington,GE2020,11/3/2020 00:00:00,Assembly of God,208 Hill Ave.,,,Winslow,AR,72959,
Washington,GE2020,11/3/2020 00:00:00,Awakening Church,5763 E. Mission Blvd.,,,Fayetteville,AR,72703,
Washington,GE2020,11/3/2020 00:00:00,Baldwin Church Of Christ,4399 Huntsville Rd,,,Fayetteville,AR,72701,
Washington,GE2020,11/3/2020 00:00:00,Brentwood Comm. Building,16945 Hwy 71 South,,,Winslow,AR,72959,
Washington,GE2020,11/3/2020 00:00:00,Calvary Church,1000 N. Gutensohn,,,Springdale,AR,72762,
Washington,GE2020,11/3/2020 00:00:00,Cane Hill College,14219 College Rd,,,Cane Hill,AR,72717,
Washington,GE2020,11/3/2020 00:00:00,Central Methodist Church On Dickson Street,6 W Dickson,,,Fayetteville,AR,72701,
Washington,GE2020,11/3/2020 00:00:00,Cincinnati Fire Station,12700 Cincinnati Rd,,,Summers,AR,72769,
Washington,GE2020,11/3/2020 00:00:00,Covenant Church,4511 W Wedington Dr,,,Fayetteville,AR,72704,
Washington,GE2020,11/3/2020 00:00:00,Elkins Community Center,162 Doolin Dr,,,Elkins,AR,72727,
Washington,GE2020,11/3/2020 00:00:00,Elm Springs United Methodist Church,118 N. Elm St.,,,Elm Springs,AR,72728,
Washington,GE2020,11/3/2020 00:00:00,Elmdale Baptist Church,1700 W Huntsville,,,Springdale,AR,72762,
Washington,GE2020,11/3/2020 00:00:00,Evansville Fire Station,20493 S Hwy 59,,,Evansville,AR,72729,
Washington,GE2020,11/3/2020 00:00:00,Genesis Church (formerly Wiggins),205 W Martin Luther King Blvd,,,Fayetteville,AR,72701,
Washington,GE2020,11/3/2020 00:00:00,Goshen United Methodist Church,122 State Hwy 45,,,Fayetteville,AR,72703,
Washington,GE2020,11/3/2020 00:00:00,Greenland Community Center,170 Letitia St,,,Fayetteville,AR,72701,
Washington,GE2020,11/3/2020 00:00:00,Johnson Church of Christ,5602 Elmore St.,,,Springdale,AR,72762,
Washington,GE2020,11/3/2020 00:00:00,Lincoln Community Center,112 N Main,,,Lincoln,AR,72744,
Washington,GE2020,11/3/2020 00:00:00,Main Street Baptist Church (formerly Farm Baptist),49 W Main,,,Farmington,AR,72730,
Washington,GE2020,11/3/2020 00:00:00,Morrow Fire Station,19783 Latta WC 10,,,Cane Hill,AR,72717,
Washington,GE2020,11/3/2020 00:00:00,Mt Comfort Church of Christ,3249 Mount Comfort Rd,,,Fayetteville,AR,72704,
Washington,GE2020,11/3/2020 00:00:00,Nob Hill Fire Station,19375 Nob Hill Loop WC 389,,,Springdale,AR,72764,
Washington,GE2020,11/3/2020 00:00:00,Oak Grove Baptist Church,499 Oak Grove Rd,,,Springdale,AR,72762,
Washington,GE2020,11/3/2020 00:00:00,Prairie Grove Christian Church,611 Wayne Villines Rd.,,,Prairie Grove,AR,72753,
Washington,GE2020,11/3/2020 00:00:00,Rheas Mill Community Bldg,11871 N Wedington Blacktop WC 33,,,Lincoln,AR,72744,
Washington,GE2020,11/3/2020 00:00:00,Ridgeview Baptist Church,1850 E. Huntsville Rd.,,,Fayetteville,AR,72701,
Washington,GE2020,11/3/2020 00:00:00,Sang Ave Baptist Church,1425 N Sang Ave,,,Fayetteville,AR,72703,
Washington,GE2020,11/3/2020 00:00:00,Sequoyah Methodist Church,1910 N Old Wire Rd,,,Fayetteville,AR,72703,
Washington,GE2020,11/3/2020 00:00:00,Sonora Baptist Church Off Hwy 412 At Sonora,17330 E Hwy 412,,,Springdale,AR,72764,
Washington,GE2020,11/3/2020 00:00:00,Springdale Civic Center,2323 S Old Missouri Rd,#D1,,Springdale,AR,72764,
Washington,GE2020,11/3/2020 00:00:00,Springdale Recreation Center,1906 Cambridge St,,,Springdale,AR,,
Washington,GE2020,11/3/2020 00:00:00,St Josephs Catholic Church-Tontitown,110 E Henri De Tonti Blvd,,,Springdale,AR,72762,
Washington,GE2020,11/3/2020 00:00:00,Trinity Fellowship Church,1100 Rollings Hills Dr,,,Fayetteville,AR,72703,
Washington,GE2020,11/3/2020 00:00:00,Trinity Methodist Church,1021 W Sycamore St,,,Fayetteville,AR,72703,
Washington,GE2020,11/3/2020 00:00:00,Wedington Community Bldg,15503 N Jackson Hwy,,,Fayetteville,AR,72704,
Washington,GE2020,11/3/2020 00:00:00,Wedington Woods Fire Station,13496 Hwy 16 West,,,Fayetteville,AR,72704,
Washington,GE2020,11/3/2020 00:00:00,West Fork Community Ctr,222 Webber,,,West Fork,AR,72774,
Washington,GE2020,11/3/2020 00:00:00,Wheeler Fire Station,6946 W Wheeler Rd,,,Fayetteville,AR,72704,
Washington,GE2020,11/3/2020 00:00:00,Yvonne Richardson Center,240 E Rock St,,,Fayetteville,AR,72701,
White,GE2020,11/3/2020 00:00:00,Antioch Church,2062 Hwy 31 N.,,,Beebe,AR,72012,
White,GE2020,11/3/2020 00:00:00,Beebe Church Of Christ,1906 West Center St.,,,Beebe,AR,72012,
White,GE2020,11/3/2020 00:00:00,Beebe City Hall,321 N. Elm,,,Beebe,AR,72012,
White,GE2020,11/3/2020 00:00:00,Bradford Baptist Church,403 W. Main,,,Bradford,AR,72020,
White,GE2020,11/3/2020 00:00:00,Carmichael Community Center,801 South Elm,,,Searcy,AR,72143,
White,GE2020,11/3/2020 00:00:00,Center Hill Fire Station,4108 Hwy 36 West,,,Searcy,AR,72143,
White,GE2020,11/3/2020 00:00:00,Central Baptist Church,1507 W. Center,,,Bald Knob,AR,72010,
White,GE2020,11/3/2020 00:00:00,Downtown Church Of Christ,900 North Main St,,,Searcy,AR,72143,
White,GE2020,11/3/2020 00:00:00,El Paso Community Center,2900 Hwy 5,,,El Paso,AR,72045,
White,GE2020,11/3/2020 00:00:00,Fairview Fire Station,247 Fairview Rd.,,,Searcy,AR,72143,
White,GE2020,11/3/2020 00:00:00,First Assembly of God Church,101 S. Benton,,,Searcy,AR,72143,
White,GE2020,11/3/2020 00:00:00,First General Baptist Church,1005 Booth Rd,,,Searcy,AR,72143,
White,GE2020,11/3/2020 00:00:00,Floyd First Baptist Church,1198 Hwy 31,,,Romance,AR,72136,
White,GE2020,11/3/2020 00:00:00,Garner City Hall,107 South Main,,,Garner,AR,72052,
White,GE2020,11/3/2020 00:00:00,Georgetown Community Building,109 W. Riverside,,,Georgetown,AR,72143,
White,GE2020,11/3/2020 00:00:00,Griffithville Senior Citizens Community Building,102 Len Ave.,,,Griffithville,AR,72060,
White,GE2020,11/3/2020 00:00:00,Higginson City Hall,100 Walker Road,,,Higginson,AR,72068,
White,GE2020,11/3/2020 00:00:00,Joy Fire Station,4902 Hwy 36 West,,,Searcy,AR,72143,
White,GE2020,11/3/2020 00:00:00,Judsonia Community Building,606 Van Buren St.,,,Judsonia,AR,72081,
White,GE2020,11/3/2020 00:00:00,Kensett First Baptist Church,308 Wilbur D Mills Ave,,,Kensett,AR,72082,
White,GE2020,11/3/2020 00:00:00,Letona City Hall,100 Brummitt St.,,,Letona,AR,72085,
White,GE2020,11/3/2020 00:00:00,Mcrae Multi Purpose Building,4936 Hwy 367,,,Mcrae,AR,72102,
White,GE2020,11/3/2020 00:00:00,Pangburn City Hall,503 Searcy St.,,,Pangburn,AR,72121,
White,GE2020,11/3/2020 00:00:00,Pineview Church  Of Christ,372 Dewey Rd.,,,Pangburn,AR,72121,
White,GE2020,11/3/2020 00:00:00,Rose Bud Community Center,5916 Hwy 36 West,,,Rose Bud,AR,72137,
White,GE2020,11/3/2020 00:00:00,Sixteenth Section Church,2679 Hwy 267 S.,,,Searcy,AR,72143,
White,GE2020,11/3/2020 00:00:00,United Methodist Church,100 W. 2nd,,,Russell,AR,72139,
White,GE2020,11/3/2020 00:00:00,Valley Baptist Church,3328 Hwy 36 West,,,Searcy,AR,72143,
White,GE2020,11/3/2020 00:00:00,Velvet Ridge Church of Christ,1265 Hwy 167,,,Bald Knob,AR,72010,
White,GE2020,11/3/2020 00:00:00,West Point City Hall,718 Hwy 36 East,,,West Point,AR,72178,
White,GE2020,11/3/2020 00:00:00,West Race Baptist Church,1006 West Race Ave.,,,Searcy,AR,72143,
White,GE2020,11/3/2020 00:00:00,White County Central School,3259 Hwy. 157,,,Judsonia,AR,72081,
Woodruff,GE2020,11/3/2020 00:00:00,Armory,500 E Hwy 64,,,Augusta,AR,72006,
Woodruff,GE2020,11/3/2020 00:00:00,Babbs Center,100 Gum St,,,Cotton Plant,AR,72036,
Woodruff,GE2020,11/3/2020 00:00:00,Hunter Community Center,100 Penrose,,,Hunter,AR,72074,
Woodruff,GE2020,11/3/2020 00:00:00,McCrory Civic Center,101 N Edmonds,,,McCrory,AR,72101,
Woodruff,GE2020,11/3/2020 00:00:00,Morton Baptist Church,142 Woodruff 461,,,McCrory,AR,72101,
Woodruff,GE2020,11/3/2020 00:00:00,Patterson Fire Station,110 W Pine St,,,Patterson,AR,72123,
Yell,GE2020,11/3/2020 00:00:00,Any Vote Center,,,,,AR,,
